Departamento,Provincia,Distrito,Promedio_Ponderado
CAJAMARCA,CONTUMAZA,GUZMANGO,68.171875
CAJAMARCA,SAN PABLO,SAN LUIS,29.26890756302521
LAMBAYEQUE,CHICLAYO,LAGUNAS,0.0
LAMBAYEQUE,CHICLAYO,MONSEFU,0.0
LAMBAYEQUE,CHICLAYO,CAYALTI,2.238805970149253
LIMA,BARRANCA,BARRANCA,68.37092731829574
LIMA,HUAURA,HUAURA,34.48362720403023
LIMA,OYON,COCHAMARCA,67.55352628592065
ANCASH,ANTONIO RAYMONDI,LLAMELLIN,59.52435064935065
ANCASH,HUAYLAS,PAMPAROMAS,48.52053140096618
ANCASH,BOLOGNESI,CAJACAY,91.08962264150944
ANCASH,BOLOGNESI,CANIS,77.08928571428572
ANCASH,BOLOGNESI,TICLLOS,90.32591324200914
ANCASH,SANTA,NUEVO CHIMBOTE,13.621394669587442
AREQUIPA,CONDESUYOS,YANAQUIHUA,47.61386076740407
AREQUIPA,CASTILLA,MACHAGUAY,32.2460654813596
AREQUIPA,CASTILLA,ORCOPAMPA,91.38945439739413
AREQUIPA,CASTILLA,PAMPACOLCA,76.21842121842121
AREQUIPA,CASTILLA,URACA,47.79095603191989
AREQUIPA,CAYLLOMA,LLUTA,64.2397114767057
AREQUIPA,CAYLLOMA,MACA,88.03960396039605
AREQUIPA,CAYLLOMA,MADRIGAL,60.74814814814815
AREQUIPA,ISLAY,PUNTA DE BOMBON,50.86292834890966
AREQUIPA,LA UNION,QUECHUALLA,66.26708876708878
AREQUIPA,LA UNION,TORO,69.9998546427118
AREQUIPA,AREQUIPA,VITOR,64.15554329840043
AREQUIPA,CAMANA,CAMANA,36.36363636363637
AREQUIPA,CAMANA,NICOLAS DE PIEROLA,22.943986105080327
AREQUIPA,AREQUIPA,CAYMA,77.9384275518296
AREQUIPA,AREQUIPA,POCSI,66.53999425232303
AREQUIPA,CARAVELI,BELLA UNION,10.464324520101414
AREQUIPA,AREQUIPA,AREQUIPA,87.5
AREQUIPA,AREQUIPA,JOSE LUIS BUSTAMANTE Y RIVERO,55.55555555555556
AREQUIPA,AREQUIPA,MIRAFLORES,4.761904761904762
AREQUIPA,AREQUIPA,SACHACA,95.41666666666666
AREQUIPA,AREQUIPA,MARIANO MELGAR,10.572390572390573
AYACUCHO,LA MAR,ANCHIHUAY,71.8671218487395
AYACUCHO,HUANTA,PUCACOLPA,86.10578348986654
HUANCAVELICA,TAYACAJA,ANDAYMARCA,92.09351280834915
APURIMAC,ABANCAY,CURAHUASI,82.40045879075865
APURIMAC,CHINCHEROS,OCOBAMBA,85.19681106138108
APURIMAC,ANDAHUAYLAS,PACOBAMBA,85.8985429033999
PIURA,MORROPON,CHALACO,49.22518159806296
PIURA,PAITA,COLAN,0.0
PIURA,PAITA,TAMARINDO,0.0
PIURA,AYABACA,PAIMAS,0.0
PIURA,AYABACA,MONTERO,7.4230769230769225
PIURA,TALARA,LA BREA,0.0
PIURA,SULLANA,LANCONES,0.0
PIURA,TALARA,LOS ORGANOS,0.0
PIURA,SULLANA,BELLAVISTA,0.0
TACNA,TACNA,LA YARADA LOS PALOS,14.905535299966854
APURIMAC,CHINCHEROS,EL PORVENIR,75.99476809954751
APURIMAC,CHINCHEROS,ROCCHACC,92.98113810741688
HUANUCO,HUANUCO,SAN PABLO DE PILLAO,71.25750454821103
HUANUCO,MARAÑON,SANTA ROSA DE ALTO YANAJANCA,3.934165129466421
CAJAMARCA,CUTERVO,LA RAMADA,62.25694444444445
MADRE DE DIOS,TAHUAMANU,IÑAPARI,0.0
APURIMAC,CHINCHEROS,LOS CHANKAS,87.63429752066116
PUNO,SAN ROMAN,SAN MIGUEL,85.26442307692308
AREQUIPA,ISLAY,MOLLENDO,97.93121019108281
AREQUIPA,ISLAY,COCACHACRA,67.81327845770605
AREQUIPA,AREQUIPA,CHARACATO,71.38812785388127
PUNO,EL COLLAO,SANTA ROSA,0.4443895476504172
PUNO,CHUCUITO,HUACULLANI,94.46658878504672
PUNO,EL COLLAO,CONDURIRI,3.1330060776063577
PUNO,CHUCUITO,ZEPITA,80.9706546275395
PUNO,PUNO,CHUCUITO,84.64666666666666
PUNO,LAMPA,CALAPUJA,90.56306306306305
PUNO,AZANGARO,ACHAYA,68.92201834862385
PUNO,AZANGARO,CAMINACA,91.9921875
PUNO,MELGAR,SANTA ROSA,98.18735206452178
PUNO,PUNO,MAÑAZO,70.65721899224806
PUNO,LAMPA,SANTA LUCIA,22.481301421092
PUNO,PUNO,HUATA,60.83180428134556
PUNO,LAMPA,PARATIA,2.9828199052132702
PUNO,HUANCANE,PUSI,74.96323529411765
PUNO,HUANCANE,VILQUE CHICO,86.27761627906978
PUNO,AZANGARO,CHUPA,96.38695355191257
PUNO,AZANGARO,SANTIAGO DE PUPUJA,94.67830882352942
PUNO,LAMPA,PUCARA,87.86079545454545
PUNO,AZANGARO,SAN JUAN DE SALINAS,96.61557539682539
PUNO,MELGAR,UMACHIRI,88.1469275210084
PUNO,MELGAR,CUPI,73.59199438202248
PUNO,AZANGARO,POTONI,98.76676245210729
PUNO,MELGAR,ANTAUTA,97.45754312654023
PUNO,CARABAYA,CRUCERO,69.35841480446928
PUNO,CARABAYA,USICAYOS,97.36288848263254
AREQUIPA,CAYLLOMA,TAPAY,81.30074021012416
ANCASH,PALLASCA,PALLASCA,71.16071428571429
ANCASH,PALLASCA,TAUCA,58.01957831325301
ANCASH,POMABAMBA,POMABAMBA,94.39964157706093
HUANUCO,HUAMALIES,JIRCAN,91.15967452971037
HUANUCO,MARAÑON,HUACRACHUCO,88.2224870017331
HUANUCO,MARAÑON,SAN BUENAVENTURA,93.38333333333333
JUNIN,TARMA,HUASAHUASI,88.77349049260536
JUNIN,CHANCHAMAYO,CHANCHAMAYO,3.543709150326797
ANCASH,ANTONIO RAYMONDI,SAN JUAN DE RONTOY,94.16872427983539
ANCASH,ASUNCION,CHACAS,94.54122340425532
ANCASH,ASUNCION,ACOCHACA,92.7116935483871
ANCASH,CARLOS FERMIN FITZCARRALD,SAN LUIS,95.44375
ANCASH,OCROS,SANTIAGO DE CHILCAS,80.40066512434933
ANCASH,RECUAY,LLACLLIN,54.5
ANCASH,RECUAY,PAMPAS CHICO,96.19670542635657
ANCASH,YUNGAY,MATACOTO,62.62291666666667
ANCASH,YUNGAY,QUILLO,60.08539603960395
ANCASH,YUNGAY,RANRAHIRCA,83.69078947368422
ANCASH,YUNGAY,SHUPLUY,76.18033459078235
ANCASH,HUAYLAS,HUALLANCA,31.90159082500925
ANCASH,HUAYLAS,HUATA,69.76973684210526
ANCASH,HUAYLAS,MATO,60.70740365111563
ANCASH,CARLOS FERMIN FITZCARRALD,YAUYA,87.58421985815602
ANCASH,HUAYLAS,SANTA CRUZ,84.22882252215955
ANCASH,HUAYLAS,SANTO TORIBIO,51.59768907563026
ANCASH,MARISCAL LUZURIAGA,ELEAZAR GUZMAN BARRON,88.08531746031746
ANCASH,MARISCAL LUZURIAGA,LLUMPA,83.625
ANCASH,MARISCAL LUZURIAGA,LUCMA,89.033203125
ANCASH,CARHUAZ,SAN MIGUEL DE ACO,92.67427884615384
ANCASH,CARHUAZ,SHILLA,95.70152243589746
ANCASH,CARHUAZ,TINCO,83.71212121212122
ANCASH,CARHUAZ,YUNGAR,91.60955598455598
ANCASH,HUARI,ANRA,93.78793532338308
ANCASH,OCROS,OCROS,83.06303669008587
ANCASH,OCROS,ACAS,49.113977809629986
ANCASH,PALLASCA,CONCHUCOS,90.91123949579833
ANCASH,PALLASCA,HUANDOVAL,93.19972826086956
ANCASH,PALLASCA,LLAPO,90.5400641025641
ANCASH,SANTA,SANTA,0.0
ANCASH,SIHUAS,ACOBAMBA,69.0625
ANCASH,SIHUAS,HUAYLLABAMBA,83.21391552215599
ANCASH,SIHUAS,RAGASH,97.65980113636363
ANCASH,SIHUAS,SAN JUAN,92.13299418604652
ANCASH,SIHUAS,SICSIBAMBA,84.32898009950249
LIMA,HUAURA,AMBAR,45.784641784641785
LIMA,CAJATAMBO,GORGOR,91.17712014134277
LAMBAYEQUE,CHICLAYO,ETEN PUERTO,0.0
CAJAMARCA,CUTERVO,SANTO TOMAS,28.21631878557875
CAJAMARCA,CELENDIN,CHUMUCH,58.645833333333336
CAJAMARCA,CHOTA,ANGUIA,55.04789886039887
CAJAMARCA,CHOTA,COCHABAMBA,68.07061024082302
CAJAMARCA,SAN MIGUEL,CATILLUC,95.01305255830144
CAJAMARCA,SANTA CRUZ,ANDABAMBA,95.98410518053375
CAJAMARCA,SAN IGNACIO,HUARANGO,0.9209809264305178
CAJAMARCA,SAN IGNACIO,SAN JOSE DE LOURDES,0.09000900090009
CAJAMARCA,JAEN,SALLIQUE,65.22760188106722
CAJAMARCA,JAEN,POMAHUACA,16.01240376390077
CAJAMARCA,JAEN,COLASAY,25.731781879322867
CAJAMARCA,CUTERVO,CHOROS,17.048070412999326
TUMBES,TUMBES,LA CRUZ,0.0
TUMBES,TUMBES,PAMPAS DE HOSPITAL,0.0
TUMBES,TUMBES,SAN JUAN DE LA VIRGEN,0.0
TUMBES,CONTRALMIRANTE VILLAR,CASITAS,0.0
TUMBES,ZARUMILLA,MATAPALO,0.0
CAJAMARCA,CUTERVO,SANTA CRUZ,3.545454545454545
CAJAMARCA,CHOTA,CHOROPAMPA,50.78290083410565
CAJAMARCA,CHOTA,LLAMA,42.169208648806055
CAJAMARCA,CHOTA,MIRACOSTA,56.12790746671161
CAJAMARCA,CHOTA,PACCHA,82.2046875
CAJAMARCA,CHOTA,QUEROCOTO,55.92048492950899
CAJAMARCA,CHOTA,SAN JUAN DE LICUPIS,64.16449964131994
CAJAMARCA,SANTA CRUZ,LA ESPERANZA,56.32522796352583
LIMA,LIMA,LIMA,0.0
LIMA,LIMA,MIRAFLORES,0.0
LIMA,LIMA,MAGDALENA DEL MAR,0.0
LIMA,LIMA,SAN LUIS,33.33333333333333
LIMA,LIMA,SANTA ANITA,12.5
LIMA,LIMA,SURQUILLO,0.0
LIMA,LIMA,BREÑA,0.0
LIMA,LIMA,SANTA ROSA,0.0
HUANUCO,HUANUCO,AMARILIS,86.64891423859262
HUANUCO,HUANUCO,YARUMAYO,97.54901960784312
HUANUCO,HUANUCO,QUISQUI (KICHKI),86.53952205882352
HUANUCO,DOS DE MAYO,PACHAS,96.42145871801635
HUANUCO,LAURICOCHA,SAN MIGUEL DE CAURI,97.14786135693217
HUANUCO,DOS DE MAYO,YANAS,99.79166666666669
HUANUCO,HUANUCO,MARGOS,98.85416666666667
HUANUCO,AMBO,CONCHAMARCA,90.96687386294724
HUANUCO,AMBO,SAN FRANCISCO,97.64023650697393
HUANUCO,AMBO,TOMAY KICHWA,90.60717468805703
HUANUCO,DOS DE MAYO,LA UNION,97.71380892782645
HUANUCO,PACHITEA,MOLINO,96.76883253301321
HUANUCO,YAROWILCA,CHAVINILLO,97.09514793941528
HUANUCO,HUAMALIES,MIRAFLORES,94.453125
HUANUCO,PUERTO INCA,CODO DEL POZUZO,15.713271351543257
HUANUCO,HUACAYBAMBA,CANCHABAMBA,91.71979865771812
HUANUCO,HUACAYBAMBA,COCHABAMBA,74.376130198915
HUANUCO,MARAÑON,CHOLON,64.5104007291904
LORETO,UCAYALI,INAHUAYA,0.0
APURIMAC,ANDAHUAYLAS,PACUCHA,91.18044515103338
CUSCO,CHUMBIVILCAS,COLQUEMARCA,97.98065730249883
CUSCO,CHUMBIVILCAS,LLUSCO,90.02813057040999
CUSCO,CHUMBIVILCAS,QUIÑOTA,82.22222222222223
CUSCO,CANAS,KUNTURKANKI,98.9343738992603
CUSCO,CANAS,LANGUI,96.9878472222222
CUSCO,CANAS,TUPAC AMARU,99.66726084373143
CUSCO,ACOMAYO,ACOPIA,97.52866400797608
CUSCO,ACOMAYO,MOSOC LLACTA,99.55484896661368
CUSCO,CHUMBIVILCAS,SANTO TOMAS,95.83920834251305
AYACUCHO,PAUCAR DEL SARA SARA,SARA SARA,83.71044448509237
AYACUCHO,PAUCAR DEL SARA SARA,SAN JOSE DE USHUA,62.019230769230774
AYACUCHO,PAUCAR DEL SARA SARA,PARARCA,92.4504662004662
AYACUCHO,PAUCAR DEL SARA SARA,SAN JAVIER DE ALPABAMBA,76.73469387755102
AYACUCHO,PAUCAR DEL SARA SARA,MARCABAMBA,44.12776991984913
AYACUCHO,SUCRE,SAN SALVADOR DE QUIJE,88.51831896551724
LIMA,HUARAL,LAMPIAN,64.23660714285715
LIMA,HUARAL,SAN MIGUEL DE ACOS,71.98529411764706
LIMA,HUARAL,SANTA CRUZ DE ANDAMARCA,90.09952876178096
LIMA,YAUYOS,AZANGARO,90.86538461538461
LIMA,YAUYOS,CARANIA,96.10148514851485
LIMA,YAUYOS,HUAMPARA,68.85828754578755
LIMA,YAUYOS,HUANCAYA,99.73060344827586
LIMA,YAUYOS,HUANTAN,95.86651053864168
LIMA,YAUYOS,LARAOS,37.53396153182681
LIMA,YAUYOS,MIRAFLORES,95.62522014793939
LIMA,YAUYOS,OMAS,54.075125078173855
LIMA,YAUYOS,QUINOCAY,27.98768939393939
LIMA,YAUYOS,SAN PEDRO DE PILAS,55.30722891566265
LIMA,YAUYOS,VITIS,98.33333333333333
CALLAO,CALLAO,VENTANILLA,36.51923076923077
CUSCO,CUSCO,SAN SEBASTIAN,98.14814814814817
CALLAO,CALLAO,CARMEN DE LA LEGUA REYNOSO,0.0
CALLAO,CALLAO,CALLAO,0.0
CALLAO,CALLAO,BELLAVISTA,0.0
ICA,CHINCHA,SUNAMPE,0.0
ICA,CHINCHA,PUEBLO NUEVO,5.747126436781609
LIMA,LIMA,SAN JUAN DE MIRAFLORES,18.75
LIMA,LIMA,SANTIAGO DE SURCO,9.67741935483871
LIMA,LIMA,VILLA EL SALVADOR,80.85714285714285
LIMA,LIMA,EL AGUSTINO,0.0
LIMA,LIMA,LOS OLIVOS,0.0
ANCASH,CORONGO,BAMBAS,65.39451058201058
ANCASH,CORONGO,CUSCA,94.6577809798271
ANCASH,CORONGO,LA PAMPA,42.571619556913674
ANCASH,CORONGO,YANAC,49.64957264957265
CAJAMARCA,CAJAMARCA,CHETILLA,95.91851494696238
CAJAMARCA,CAJAMARCA,COSPAN,70.58774834437085
ANCASH,HUARI,HUANTAR,86.33861940298507
ANCASH,HUARI,MASIN,86.5625
ANCASH,HUARI,RAHUAPAMPA,37.56944444444445
ANCASH,HUARI,SAN MARCOS,85.98562906724513
ANCASH,HUARMEY,COCHAPETI,65.02880658436214
ANCASH,HUAYLAS,PUEBLO LIBRE,74.48826058201058
ANCASH,ANTONIO RAYMONDI,CHINGAS,79.0
ANCASH,BOLOGNESI,AQUIA,96.69045961002786
ANCASH,BOLOGNESI,HUALLANCA,97.16007625272331
ANCASH,CARHUAZ,ACOPAMPA,88.07792207792207
ANCASH,HUARAZ,LA LIBERTAD,85.26428571428572
ANCASH,AIJA,CORIS,47.14086378737541
ANCASH,AIJA,HUACLLAN,74.71428571428572
JUNIN,CHUPACA,CHUPACA,98.33910034602076
JUNIN,CHUPACA,HUACHAC,100.0
JUNIN,HUANCAYO,QUICHUAY,100.0
JUNIN,JAUJA,PARCO,99.46428571428572
JUNIN,JAUJA,CANCHAYLLO,96.66752529037093
JUNIN,JAUJA,JANJAILLO,98.41145833333334
JUNIN,JAUJA,MASMA CHICCHE,100.0
JUNIN,JAUJA,CURICACA,96.03485838779957
JUNIN,YAULI,CHACAPALPA,99.47115384615384
JUNIN,YAULI,YAULI,28.89619883040936
JUNIN,YAULI,SANTA ROSA DE SACCO,98.51656626506023
JUNIN,TARMA,TARMA,95.12165955091714
JUNIN,YAULI,PACCHA,97.96933962264151
JUNIN,TARMA,LA UNION,98.20564516129032
JUNIN,TARMA,ACOBAMBA,93.73788435828877
JUNIN,TARMA,PALCA,91.9203108875129
JUNIN,SATIPO,SATIPO,0.0
JUNIN,SATIPO,RIO NEGRO,0.0
JUNIN,CHANCHAMAYO,VITOC,6.449001618996222
JUNIN,CHANCHAMAYO,SAN RAMON,38.99171901770417
JUNIN,JUNIN,ONDORES,32.0546875
LIMA,CAÑETE,QUILMANA,54.50666666666666
LIMA,HUARAL,HUARAL,21.041291418861512
LIMA,HUARAL,CHANCAY,78.50104094378904
LIMA,HUARAL,SUMBILCA,48.44543147208122
LIMA,HUAROCHIRI,ANTIOQUIA,3.5335132703553755
LIMA,HUAROCHIRI,CALLAHUANCA,73.01661129568106
LIMA,HUAROCHIRI,HUAROCHIRI,80.13059701492537
LIMA,LIMA,CARABAYLLO,55.85907335907336
LIMA,LIMA,PUCUSANA,6.538461538461538
LIMA,LIMA,PUNTA NEGRA,4.610743801652893
AYACUCHO,VICTOR FAJARDO,CANARIA,60.15878378378378
AYACUCHO,PARINACOCHAS,PACAPAUSA,88.9534543325527
AYACUCHO,LUCANAS,SAISA,60.69313775994361
AYACUCHO,LUCANAS,SAN CRISTOBAL,35.05372761349438
AYACUCHO,LUCANAS,SAN JUAN,92.44322344322343
AYACUCHO,LUCANAS,OTOCA,52.27472527472528
AYACUCHO,LUCANAS,LLAUTA,60.45583391123439
AYACUCHO,SUCRE,SAN PEDRO DE LARCAY,92.92788461538461
AYACUCHO,SUCRE,HUACAÑA,90.69159836065573
AYACUCHO,SUCRE,MORCOLLA,92.65836791147996
AYACUCHO,SUCRE,QUEROBAMBA,90.71428571428572
AYACUCHO,SUCRE,PAICO,92.58653846153845
AYACUCHO,SUCRE,CHILCAYOC,92.5529411764706
AYACUCHO,VILCAS HUAMAN,INDEPENDENCIA,92.30921052631578
AYACUCHO,VICTOR FAJARDO,CAYARA,82.55896226415095
AYACUCHO,VICTOR FAJARDO,SARHUA,93.3564082278481
CUSCO,PARURO,PILLPINTO,57.31100643382353
CUSCO,PARURO,YAURISQUE,99.07563025210084
CUSCO,PARURO,ACCHA,94.65882352941176
CUSCO,CANAS,YANAOCA,96.62447257383964
CUSCO,QUISPICANCHI,CUSIPATA,97.66588519465756
CUSCO,CANCHIS,SAN PABLO,98.05638384386015
CUSCO,CANCHIS,TINTA,99.86607142857143
CUSCO,ESPINAR,OCORURO,65.25361620057859
HUANCAVELICA,HUAYTARA,SAN ISIDRO,81.32371794871796
HUANCAVELICA,HUAYTARA,OCOYO,70.4977008806796
HUANCAVELICA,HUAYTARA,QUERCO,91.18901909722223
HUANCAVELICA,HUAYTARA,AYAVI,74.28846153846155
ICA,PALPA,RIO GRANDE,28.891509433962263
ICA,PISCO,PISCO,0.0
ICA,PALPA,SANTA CRUZ,2.5955734406438635
ICA,ICA,PACHACUTEC,0.0
AYACUCHO,HUAMANGA,ACOCRO,94.66239612188366
AYACUCHO,HUAMANGA,TAMBILLO,79.02499999999999
AYACUCHO,HUAMANGA,SANTIAGO DE PISCHA,82.77138157894737
CUSCO,ANTA,HUAROCONDO,95.87932288299933
CUSCO,ANTA,ANTA,96.03795066413662
CUSCO,CALCA,LAMAY,97.52941176470588
CUSCO,URUBAMBA,MARAS,89.94346267918932
CUSCO,CUSCO,SAN JERONIMO,95.18841911764706
CUSCO,PAUCARTAMBO,CHALLABAMBA,93.85135135135135
CUSCO,LA CONVENCION,PICHARI,0.2980625931445603
CUSCO,LA CONVENCION,SANTA ANA,15.624888253173609
CUSCO,LA CONVENCION,MEGANTONI,0.0
CUSCO,LA CONVENCION,HUAYOPATA,44.25267379679144
CUSCO,LA CONVENCION,OCOBAMBA,75.34395424836602
CUSCO,LA CONVENCION,VILCABAMBA,77.77925331240756
CUSCO,URUBAMBA,MACHUPICCHU,94.53809711804183
CUSCO,PAUCARTAMBO,KOSÑIPATA,37.333333333333336
CUSCO,URUBAMBA,URUBAMBA,92.04887218045113
CUSCO,ANTA,ANCAHUASI,96.57874071958882
CUSCO,ANTA,CACHIMAYO,99.54391891891892
AYACUCHO,HUAMANGA,VINCHOS,94.35045811518324
AYACUCHO,LA MAR,ORONCCOY,82.93992223755174
AYACUCHO,LA MAR,CHILCAS,55.61075011399909
AYACUCHO,HUAMANGA,AYACUCHO,33.19047619047619
AYACUCHO,HUAMANGA,JESUS NAZARENO,99.44055944055944
AYACUCHO,HUAMANGA,SAN JOSE DE TICLLAS,73.57536764705883
AYACUCHO,LA MAR,ANCO,42.19014211189062
AYACUCHO,HUANTA,HUAMANGUILLA,83.59363553113553
AYACUCHO,HUANTA,IGUAIN,57.50750000000001
CUSCO,PAUCARTAMBO,COLQUEPATA,97.12670419730392
CUSCO,CALCA,SAN SALVADOR,97.7549919050189
CUSCO,QUISPICANCHI,OCONGATE,98.29522752497223
CUSCO,QUISPICANCHI,OROPESA,98.47014925373134
HUANCAVELICA,CASTROVIRREYNA,TICRAPO,73.82190476190476
HUANCAVELICA,CASTROVIRREYNA,MOLLEPAMPA,81.18028375733854
HUANCAVELICA,CASTROVIRREYNA,ARMA,92.73137254901961
HUANCAVELICA,CASTROVIRREYNA,TANTARA,83.14996159754224
HUANCAVELICA,CASTROVIRREYNA,AURAHUA,97.67578125
HUANCAVELICA,CASTROVIRREYNA,SANTA ANA,0.9193245778611632
HUANCAVELICA,ANGARAES,LIRCAY,78.86943247126437
HUANCAVELICA,ANGARAES,CCOCHACCASA,99.3465909090909
HUANCAVELICA,ANGARAES,ANCHONGA,99.96926229508196
HUANCAVELICA,ACOBAMBA,CAJA,91.14285714285714
HUANCAVELICA,ANGARAES,HUANCA-HUANCA,96.06944444444444
HUANCAVELICA,ANGARAES,CHINCHO,73.05172413793105
HUANCAVELICA,ACOBAMBA,ANTA,99.86201298701297
HUANCAVELICA,TAYACAJA,ÑAHUIMPUQUIO,99.7877358490566
HUANCAVELICA,TAYACAJA,QUISHUAR,90.36199095022624
HUANCAVELICA,TAYACAJA,SALCABAMBA,91.37867647058823
HUANCAVELICA,TAYACAJA,SALCAHUASI,86.57475490196077
HUANCAVELICA,CHURCAMPA,CHURCAMPA,76.34845463609173
HUANCAVELICA,TAYACAJA,QUICHUAS,96.83452168746287
HUANCAVELICA,CHURCAMPA,ANCO,91.83006535947712
ICA,PISCO,HUANCANO,33.37396517691424
JUNIN,HUANCAYO,HUANCAN,100.0
JUNIN,HUANCAYO,HUANCAYO,97.69659442724458
JUNIN,CONCEPCION,CONCEPCION,100.0
JUNIN,HUANCAYO,INGENIO,98.01307189542484
JUNIN,CONCEPCION,NUEVE DE JULIO,100.0
JUNIN,HUANCAYO,SICAYA,100.0
JUNIN,HUANCAYO,HUALHUAS,100.0
JUNIN,CONCEPCION,ACO,97.83203125
JUNIN,HUANCAYO,HUASICANCHA,100.0
JUNIN,HUANCAYO,CHONGOS ALTO,96.31826836356348
JUNIN,HUANCAYO,CULLHUAS,98.09762202753441
JUNIN,HUANCAYO,HUACRAPUQUIO,99.78609625668449
JUNIN,HUANCAYO,CHUPURO,98.85714285714286
ANCASH,SANTA,COISHCO,0.0
AMAZONAS,UTCUBAMBA,CUMBA,16.875171467764062
AMAZONAS,CONDORCANQUI,NIEVA,0.0606796116504854
AMAZONAS,CHACHAPOYAS,BALSAS,64.14844992050874
AMAZONAS,CHACHAPOYAS,LEIMEBAMBA,88.24750948766604
AMAZONAS,CHACHAPOYAS,MARISCAL CASTILLA,88.5150505514706
AMAZONAS,CHACHAPOYAS,MONTEVIDEO,88.44808377896614
AMAZONAS,RODRIGUEZ DE MENDOZA,LIMABAMBA,9.066486534372785
AMAZONAS,RODRIGUEZ DE MENDOZA,HUAMBO,0.0
AMAZONAS,CHACHAPOYAS,MAGDALENA,86.99312363834423
AMAZONAS,LUYA,LONGUITA,92.43412990196079
AMAZONAS,RODRIGUEZ DE MENDOZA,SAN NICOLAS,57.7539722785666
AMAZONAS,RODRIGUEZ DE MENDOZA,TOTORA,12.5
AMAZONAS,LUYA,COLCAMAR,88.39029077540108
AMAZONAS,LUYA,PROVIDENCIA,55.796245421245416
AMAZONAS,CHACHAPOYAS,SOLOCO,91.6019768563163
AMAZONAS,CHACHAPOYAS,CHETO,87.96843306288034
AMAZONAS,CHACHAPOYAS,SONCHE,85.38815789473685
AMAZONAS,CHACHAPOYAS,HUANCAS,87.31684981684982
AMAZONAS,LUYA,CONILA,73.09178743961351
AMAZONAS,CHACHAPOYAS,QUINJALCA,92.63937664618086
AMAZONAS,BONGARA,VALERA,86.01412579957356
PASCO,PASCO,CHAUPIMARCA,30.576923076923073
PASCO,PASCO,SAN FRANCISCO DE ASIS DE YARUSYACAN,93.1492718446602
PASCO,DANIEL ALCIDES CARRION,CHACAYAN,95.51640271493213
PASCO,DANIEL ALCIDES CARRION,PAUCAR,95.94908887468031
SAN MARTIN,TOCACHE,UCHIZA,0.0
SAN MARTIN,TOCACHE,TOCACHE,0.0
SAN MARTIN,MARISCAL CACERES,CAMPANILLA,0.0
SAN MARTIN,BELLAVISTA,HUALLAGA,0.0
SAN MARTIN,HUALLAGA,TINGO DE SAPOSOA,0.0
SAN MARTIN,BELLAVISTA,SAN RAFAEL,0.0
SAN MARTIN,HUALLAGA,EL ESLABON,0.0
SAN MARTIN,PICOTA,SAN CRISTOBAL,0.0
CAJAMARCA,SAN MARCOS,JOSE SABOGAL,72.58306962025317
CAJAMARCA,CAJAMARCA,JESUS,85.03586065573771
APURIMAC,ANDAHUAYLAS,HUAYANA,95.85443037974684
APURIMAC,AYMARAES,CARAYBAMBA,96.44106217616581
APURIMAC,ANTABAMBA,SABAINO,95.20973154362417
APURIMAC,GRAU,VIRUNDO,98.3513931888545
APURIMAC,AYMARAES,CHALHUANCA,92.74198093871695
APURIMAC,AYMARAES,YANACA,95.04986477349561
APURIMAC,GRAU,SAN ANTONIO,97.8860294117647
APURIMAC,GRAU,PATAYPAMPA,99.3850806451613
APURIMAC,AYMARAES,SAÑAYCA,84.67839805825244
APURIMAC,GRAU,SANTA ROSA,87.7824074074074
APURIMAC,ANDAHUAYLAS,PAMPACHIRI,70.8261201629328
APURIMAC,GRAU,CHUQUIBAMBILLA,98.99334733893558
APURIMAC,GRAU,VILCABAMBA,69.91666666666667
APURIMAC,GRAU,MICAELA BASTIDAS,97.5814672459893
APURIMAC,ANDAHUAYLAS,POMACOCHA,95.55759803921569
APURIMAC,AYMARAES,HUAYLLO,93.27450980392157
APURIMAC,ABANCAY,CHACOCHE,88.11545072574485
APURIMAC,ABANCAY,PICHIRHUA,88.3423202614379
CAJAMARCA,CELENDIN,JORGE CHAVEZ,60.49019607843137
CAJAMARCA,CONTUMAZA,CHILETE,43.634850166481684
CAJAMARCA,CONTUMAZA,SANTA CRUZ DE TOLED,61.44444444444444
CAJAMARCA,CONTUMAZA,TANTARICA,44.626041666666666
CAJAMARCA,SAN MIGUEL,BOLIVAR,40.82021541010771
CAJAMARCA,SAN MIGUEL,LLAPA,92.26231940144478
CAJAMARCA,SAN MIGUEL,NANCHOC,2.4672232529375386
CAJAMARCA,SAN PABLO,SAN PABLO,84.08177905308466
CAJAMARCA,SAN PABLO,TUMBADEN,79.68732324660633
LA LIBERTAD,TRUJILLO,TRUJILLO,45.16129032258064
LA LIBERTAD,TRUJILLO,HUANCHACO,1.9157088122605364
LA LIBERTAD,TRUJILLO,SALAVERRY,2.033195020746888
LA LIBERTAD,TRUJILLO,SIMBAL,28.002313778175846
LA LIBERTAD,ASCOPE,ASCOPE,22.921810699588477
LA LIBERTAD,ASCOPE,CHICAMA,9.226435430139135
LA LIBERTAD,ASCOPE,PAIJAN,4.6875
LA LIBERTAD,OTUZCO,OTUZCO,54.05164092664092
LA LIBERTAD,OTUZCO,HUARANCHAL,66.64431818181819
LA LIBERTAD,VIRU,VIRU,10.191661641829615
LA LIBERTAD,SANTIAGO DE CHUCO,MOLLEBAMBA,91.54545454545456
AMAZONAS,LUYA,SANTA CATALINA,60.68001089324619
AMAZONAS,RODRIGUEZ DE MENDOZA,VISTA ALEGRE,54.91495893138637
AMAZONAS,LUYA,SAN JERONIMO,68.87460373370905
AMAZONAS,BONGARA,SAN CARLOS,86.60239361702128
AMAZONAS,CHACHAPOYAS,ASUNCION,91.93103448275863
AMAZONAS,BONGARA,SHIPASBAMBA,78.55016181229773
AMAZONAS,BONGARA,FLORIDA,84.07182320441989
AMAZONAS,BONGARA,COROSHA,87.70950443786981
AMAZONAS,UTCUBAMBA,EL MILAGRO,0.3952569169960474
AMAZONAS,BAGUA,EL PARCO,0.0
AMAZONAS,BAGUA,ARAMANGO,0.0
LORETO,REQUENA,MAQUIA,0.0
LORETO,REQUENA,SOPLIN,0.0
LORETO,MAYNAS,IQUITOS,0.0
LORETO,MAYNAS,FERNANDO LORES,0.0
LORETO,LORETO,URARINAS,0.0
LORETO,MARISCAL RAMON CASTILLA,RAMON CASTILLA,0.0
LORETO,MARISCAL RAMON CASTILLA,PEBAS,0.0
LORETO,MARISCAL RAMON CASTILLA,YAVARI,0.0
LORETO,REQUENA,YAQUERANA,0.0
LORETO,UCAYALI,VARGAS GUERRA,0.0
LORETO,DATEM DEL MARAÑON,MANSERICHE,0.0
SAN MARTIN,MARISCAL CACERES,HUICUNGO,0.1783919089108036
SAN MARTIN,MARISCAL CACERES,PACHIZA,0.0
SAN MARTIN,HUALLAGA,SAPOSOA,0.0
SAN MARTIN,MOYOBAMBA,HABANA,0.0
SAN MARTIN,PICOTA,PILLUANA,0.0
SAN MARTIN,PICOTA,TRES UNIDOS,0.0
SAN MARTIN,EL DORADO,SAN JOSE DE SISA,0.0
SAN MARTIN,SAN MARTIN,JUAN GUERRA,0.0
SAN MARTIN,SAN MARTIN,LA BANDA DE SHILCAYO,0.0
SAN MARTIN,SAN MARTIN,MORALES,0.0
SAN MARTIN,LAMAS,LAMAS,0.0
SAN MARTIN,LAMAS,SHANAO,0.0
SAN MARTIN,LAMAS,TABALOSOS,0.0
SAN MARTIN,LAMAS,ALONSO DE ALVARADO,0.0
SAN MARTIN,MOYOBAMBA,SORITOR,0.0
SAN MARTIN,LAMAS,PINTO RECODO,0.0
SAN MARTIN,LAMAS,SAN ROQUE DE CUMBAZA,0.0
SAN MARTIN,MOYOBAMBA,MOYOBAMBA,0.0454338936846887
SAN MARTIN,RIOJA,PARDO MIGUEL,3.017550770308123
CAJAMARCA,CUTERVO,CALLAYUC,6.821978021978023
LIMA,HUAROCHIRI,MARIATANA,52.48711734693877
LIMA,HUAROCHIRI,SAN BARTOLOME,8.513513513513514
LIMA,HUAROCHIRI,SAN JUAN DE IRIS,95.54687499999999
LIMA,HUAROCHIRI,SAN MATEO,91.87083190834474
LIMA,HUAROCHIRI,SAN PEDRO DE HUANCAYRE,96.69921875
LIMA,HUAROCHIRI,SANTIAGO DE TUNA,27.81305114638448
LIMA,YAUYOS,HONGOS,93.05693069306932
LIMA,YAUYOS,TUPE,84.8585390946502
LIMA,YAUYOS,VIÑAC,80.8261815920398
LIMA,HUARAL,ATAVILLOS BAJO,75.187324929972
CAJAMARCA,SANTA CRUZ,SEXI,71.31308182263597
LAMBAYEQUE,CHICLAYO,JOSE LEONARDO ORTIZ,0.0
LAMBAYEQUE,FERREÑAFE,INCAHUASI,59.36198133644393
LAMBAYEQUE,CHICLAYO,PICSI,0.0
LAMBAYEQUE,CHICLAYO,PIMENTEL,0.0
LAMBAYEQUE,CHICLAYO,POMALCA,0.0
LAMBAYEQUE,CHICLAYO,PUCALA,0.0
LAMBAYEQUE,FERREÑAFE,FERREÑAFE,6.122448979591836
LAMBAYEQUE,FERREÑAFE,PUEBLO NUEVO,0.0
LAMBAYEQUE,LAMBAYEQUE,LAMBAYEQUE,0.0
LAMBAYEQUE,LAMBAYEQUE,MOCHUMI,0.0
LAMBAYEQUE,LAMBAYEQUE,SAN JOSE,0.0
LAMBAYEQUE,LAMBAYEQUE,TUCUME,0.0
CAJAMARCA,HUALGAYOC,CHUGUR,83.37936046511628
PIURA,SULLANA,SALITRAL,0.0
PIURA,SECHURA,SECHURA,0.0
PIURA,PIURA,LA ARENA,0.0
ICA,PISCO,HUMAY,34.73618421052632
ICA,PISCO,INDEPENDENCIA,3.201058201058201
TACNA,JORGE BASADRE,ILABAYA,41.11591936329097
TACNA,JORGE BASADRE,ITE,2.6466380543633763
MOQUEGUA,MARISCAL NIETO,MOQUEGUA,37.407238389780915
MOQUEGUA,MARISCAL NIETO,SAMEGUA,38.95061728395062
MOQUEGUA,MARISCAL NIETO,SAN CRISTOBAL,75.7317149081855
MOQUEGUA,MARISCAL NIETO,TORATA,59.33699566966099
MOQUEGUA,GENERAL SANCHEZ CERRO,OMATE,36.839387464387464
MOQUEGUA,GENERAL SANCHEZ CERRO,CHOJATA,67.03125332482179
MOQUEGUA,GENERAL SANCHEZ CERRO,ICHUÑA,91.3217674970344
TACNA,TACNA,SAMA,39.87354252400549
TACNA,CANDARAVE,CANDARAVE,31.330687307551063
TACNA,CANDARAVE,CURIBAYA,30.46338924233661
TACNA,TACNA,ALTO DE LA ALIANZA,3.1422148036568096
LA LIBERTAD,PACASMAYO,JEQUETEPEQUE,0.0
LA LIBERTAD,PACASMAYO,SAN JOSE,0.0
LA LIBERTAD,PATAZ,BULDIBUYO,86.2599734042553
LA LIBERTAD,PATAZ,CHILLIA,86.20306324110672
LA LIBERTAD,PATAZ,HUANCASPATA,87.38495024875621
LA LIBERTAD,ASCOPE,CASA GRANDE,13.616697416974171
LA LIBERTAD,BOLIVAR,CONDORMARCA,81.29039923954373
LA LIBERTAD,BOLIVAR,LONGOTEA,65.19354838709677
LA LIBERTAD,BOLIVAR,UCUNCHA,72.81626506024097
LA LIBERTAD,OTUZCO,SALPO,45.912499999999994
LA LIBERTAD,PACASMAYO,SAN PEDRO DE LLOC,0.0
LA LIBERTAD,VIRU,CHAO,18.367119092808498
LA LIBERTAD,SANCHEZ CARRION,HUAMACHUCO,93.66839762611276
LA LIBERTAD,SANTIAGO DE CHUCO,SANTIAGO DE CHUCO,52.663690476190474
UCAYALI,ATALAYA,RAYMONDI,0.0
UCAYALI,ATALAYA,TAHUANIA,0.0
UCAYALI,CORONEL PORTILLO,IPARIA,0.0
UCAYALI,PADRE ABAD,ALEXANDER VON HUMBOLDT,0.0
UCAYALI,PADRE ABAD,IRAZOLA,0.0
UCAYALI,CORONEL PORTILLO,MASISEA,0.0
UCAYALI,PADRE ABAD,NESHUYA,0.0
UCAYALI,CORONEL PORTILLO,MANANTAY,0.0
UCAYALI,CORONEL PORTILLO,CALLERIA,0.0
CAJAMARCA,SAN MARCOS,PEDRO GALVEZ,65.06696428571429
CAJAMARCA,CELENDIN,JOSE GALVEZ,92.19117647058823
HUANCAVELICA,HUANCAVELICA,MARISCAL CACERES,96.25
ANCASH,BOLOGNESI,HUAYLLACAYAN,88.0721649484536
AREQUIPA,CASTILLA,VIRACO,84.42274819197897
AREQUIPA,CAYLLOMA,CABANACONDE,84.54031646103257
AREQUIPA,CARAVELI,ATICO,59.54220862024994
AREQUIPA,CARAVELI,CAHUACHO,67.83338106147384
AREQUIPA,CARAVELI,CHAPARRA,28.113153565553255
AREQUIPA,AREQUIPA,POLOBAYA,64.98269040553907
PIURA,SULLANA,MIGUEL CHECA,0.0
PIURA,SULLANA,SULLANA,0.0
PIURA,PAITA,LA HUACA,0.0
PUNO,YUNGUYO,CUTURAPI,93.75
PUNO,EL COLLAO,PILCUYO,85.28018372703411
PUNO,PUNO,SAN ANTONIO,53.87854609929077
PUNO,EL COLLAO,ILAVE,79.56653225806451
CUSCO,ESPINAR,ALTO PICHIGUA,98.63859925240999
ICA,ICA,SALAS,0.637240207833733
ICA,ICA,SAN JOSE DE LOS MOLINOS,25.742271196816652
CUSCO,ANTA,ZURITE,99.90196078431373
CUSCO,PAUCARTAMBO,CAICAY,99.29258241758242
AYACUCHO,HUANTA,HUANTA,71.18184523809524
AYACUCHO,HUANTA,AYAHUANCO,89.14561234329797
AYACUCHO,HUANTA,SIVIA,44.096385542168676
AYACUCHO,LA MAR,LUIS CARRANZA,84.25456389452333
HUANCAVELICA,TAYACAJA,TINTAY PUNCU,86.64181165423916
HUANCAVELICA,TAYACAJA,HUACHOCOLPA,80.38126361655773
HUANCAVELICA,TAYACAJA,ACOSTAMBO,98.89814814814815
HUANCAVELICA,HUAYTARA,HUAYTARA,63.349967630556755
HUANCAVELICA,HUAYTARA,QUITO-ARMA,76.3476304945055
HUANCAVELICA,HUAYTARA,PILPICHACA,26.301167582417584
APURIMAC,AYMARAES,TORAYA,95.19387431231485
LORETO,MAYNAS,MAZAN,0.0
LORETO,ALTO AMAZONAS,BALSAPUERTO,0.0
LORETO,LORETO,PARINARI,0.0
LORETO,LORETO,TROMPETEROS,0.0
LORETO,PUTUMAYO,PUTUMAYO,0.0
LORETO,MAYNAS,TORRES CAUSANA,0.0
LORETO,MAYNAS,BELEN,0.0
LORETO,PUTUMAYO,TENIENTE MANUEL CLAVERO,0.0
LORETO,ALTO AMAZONAS,YURIMAGUAS,0.0
CAJAMARCA,JAEN,SAN FELIPE,24.899725274725277
TACNA,TARATA,ESTIQUE,74.65873015873015
ANCASH,RECUAY,RECUAY,95.88922764227641
ANCASH,SANTA,MORO,2.005279680365297
HUANUCO,HUANUCO,SAN FRANCISCO DE CAYRAN,89.47617647058823
APURIMAC,ANDAHUAYLAS,KISHUARA,93.58412798713235
CUSCO,CUSCO,CCORCA,99.02200554134697
ANCASH,BOLOGNESI,CHIQUIAN,93.22916666666666
JUNIN,JAUJA,MOLINOS,94.29277054333184
JUNIN,CONCEPCION,COMAS,94.46684151367552
JUNIN,JAUJA,POMACANCHA,97.26166328600405
MADRE DE DIOS,TAMBOPATA,LABERINTO,0.0
MADRE DE DIOS,TAMBOPATA,LAS PIEDRAS,0.0
MADRE DE DIOS,TAHUAMANU,TAHUAMANU,0.0
MADRE DE DIOS,TAHUAMANU,IBERIA,0.0
LIMA,CAÑETE,CHILCA,2.7031509121061363
HUANCAVELICA,HUAYTARA,SAN FRANCISCO DE SANGAYAICO,78.66360505166476
LAMBAYEQUE,CHICLAYO,NUEVA ARICA,0.0
AREQUIPA,CAYLLOMA,TUTI,43.74626865671642
AREQUIPA,CAYLLOMA,MAJES,67.59342761494841
AREQUIPA,CONDESUYOS,CHUQUIBAMBA,60.353948353948354
AREQUIPA,CONDESUYOS,ANDARAY,58.829316364455465
AREQUIPA,CONDESUYOS,SALAMANCA,39.065134099616856
AREQUIPA,CASTILLA,TIPAN,37.933130699088146
PIURA,HUANCABAMBA,EL CARMEN DE LA FRONTERA,25.68913857677903
PUNO,HUANCANE,HUATASANI,95.97701149425288
PUNO,AZANGARO,JOSE DOMINGO CHOQUEHUANCA,95.13888888888889
AYACUCHO,CANGALLO,LOS MOROCHUCOS,96.76540284360189
AYACUCHO,VILCAS HUAMAN,VISCHONGO,95.63329646017701
AYACUCHO,CANGALLO,CHUSCHI,94.77107558139534
AMAZONAS,UTCUBAMBA,BAGUA GRANDE,27.398989898989903
PASCO,DANIEL ALCIDES CARRION,VILCABAMBA,98.1875
PASCO,DANIEL ALCIDES CARRION,YANAHUANCA,86.68213498754551
PASCO,OXAPAMPA,OXAPAMPA,33.83336313248704
PASCO,OXAPAMPA,VILLA RICA,6.205310936691392
PASCO,OXAPAMPA,HUANCABAMBA,71.223604826546
PASCO,OXAPAMPA,POZUZO,31.11077933711556
LIMA,HUAURA,HUALMAY,25.0
LIMA,YAUYOS,CACRA,75.16447368421052
LIMA,CANTA,HUAROS,91.12593632958801
UCAYALI,CORONEL PORTILLO,CAMPOVERDE,0.0
UCAYALI,CORONEL PORTILLO,NUEVA REQUENA,0.0
AMAZONAS,BAGUA,COPALLIN,2.3354430379746836
AREQUIPA,CARAVELI,LOMAS,0.0
AREQUIPA,CARAVELI,YAUCA,1.9962157048249762
AREQUIPA,CASTILLA,APLAO,43.98883266445647
AREQUIPA,CASTILLA,HUANCARQUI,37.697599136768275
CAJAMARCA,SAN MIGUEL,SAN GREGORIO,22.93356299212598
LAMBAYEQUE,CHICLAYO,ETEN,0.0
LAMBAYEQUE,CHICLAYO,SANTA ROSA,0.0
LIMA,OYON,CAUJUL,88.27228682170542
LIMA,BARRANCA,PARAMONGA,2.2644927536231885
LIMA,BARRANCA,SUPE,46.213618157543394
LIMA,BARRANCA,SUPE PUERTO,92.3076923076923
ANCASH,BOLOGNESI,ABELARDO PARDO LEZAMETA,30.6993006993007
ANCASH,BOLOGNESI,COLQUIOC,1.9163359788359786
ANCASH,BOLOGNESI,MANGAS,80.55825242718447
ANCASH,HUARAZ,INDEPENDENCIA,90.82589285714286
ANCASH,ANTONIO RAYMONDI,MIRGAS,92.66517857142857
ANCASH,CORONGO,CORONGO,86.08951914098974
AREQUIPA,CAYLLOMA,COPORAQUE,72.2569558101473
AREQUIPA,CAYLLOMA,HUAMBO,70.64226190476191
AREQUIPA,CAYLLOMA,LARI,11.1953412944125
AREQUIPA,LA UNION,COTAHUASI,81.02276295133439
AREQUIPA,LA UNION,TOMEPAMPA,88.77791344458012
AREQUIPA,AREQUIPA,QUEQUEÑA,44.107070707070704
AREQUIPA,AREQUIPA,SAN JUAN DE TARUCANI,0.6185658722277392
AREQUIPA,AREQUIPA,SANTA ISABEL DE SIGUAS,19.79220779220779
AREQUIPA,AREQUIPA,SOCABAYA,31.233766233766232
AREQUIPA,CAMANA,JOSE MARIA QUIMPER,7.692307692307692
AREQUIPA,CAMANA,MARIANO NICOLAS VALCARCEL,84.13658335904557
AREQUIPA,CAMANA,MARISCAL CACERES,56.518629407850966
AREQUIPA,CAMANA,OCOÑA,16.584864651254694
AREQUIPA,CARAVELI,ACARI,54.08550116550117
CUSCO,CUSCO,WANCHAQ,50.0
AREQUIPA,AREQUIPA,PAUCARPATA,81.83333333333333
AREQUIPA,ISLAY,ISLAY,4.0
AYACUCHO,HUANTA,UCHURACCAY,87.67341842397337
CUSCO,LA CONVENCION,INKAWASI,88.36713995943205
CUSCO,LA CONVENCION,VILLA VIRGEN,85.6431803490627
APURIMAC,CHINCHEROS,CHINCHEROS,88.48641018907563
PIURA,HUANCABAMBA,HUANCABAMBA,69.78643183300717
PIURA,MORROPON,LA MATANZA,0.0
PIURA,PIURA,CATACAOS,0.0
PIURA,PIURA,PIURA,0.0
PIURA,AYABACA,PACAIPAMPA,49.99402498642043
PIURA,AYABACA,FRIAS,36.81909547738694
PIURA,SULLANA,IGNACIO ESCUDERO,0.0
PIURA,AYABACA,LAGUNAS,48.85042735042735
PIURA,PIURA,LAS LOMAS,0.0
PIURA,AYABACA,AYABACA,35.87176216640502
PIURA,AYABACA,SUYO,0.0
PIURA,TALARA,PARIÑAS,0.0
PIURA,TALARA,LOBITOS,0.0
PIURA,TALARA,MANCORA,0.0
AYACUCHO,HUANTA,CHACA,87.28740530303028
HUANUCO,LEONCIO PRADO,CASTILLO GRANDE,0.0
CUSCO,LA CONVENCION,ECHARATE,0.11302982337547596
UCAYALI,ATALAYA,SEPAHUA,0.0
HUANUCO,LEONCIO PRADO,PUEBLO NUEVO,0.0
AREQUIPA,CAYLLOMA,ACHOMA,26.418145035792094
AREQUIPA,AREQUIPA,CHIGUATA,78.1794150866316
AREQUIPA,AREQUIPA,LA JOYA,62.845966958211854
PUNO,EL COLLAO,CAPAZO,1.0078315349808562
PUNO,CHUCUITO,PISACOMA,76.35764866291343
PUNO,YUNGUYO,ANAPIA,89.51361386138615
PUNO,CHUCUITO,JULI,92.26443768996961
PUNO,LAMPA,LAMPA,99.25022482014388
PUNO,HUANCANE,TARACO,64.47470238095238
PUNO,AZANGARO,SAMAN,47.19146825396825
PUNO,PUNO,PUNO,92.683956185567
PUNO,PUNO,PAUCARCOLLA,93.4295091324201
PUNO,PUNO,VILQUE,96.7093621399177
PUNO,PUNO,AMANTANI,57.888888888888886
PUNO,SAN ROMAN,CABANILLAS,20.80909943714822
PUNO,MOHO,TILALI,79.77393617021276
PUNO,LAMPA,CABANILLA,98.84316770186336
PUNO,SAN ROMAN,JULIACA,84.00593471810089
PUNO,AZANGARO,ARAPA,92.86332179930795
PUNO,LAMPA,OCUVIRI,2.4226110363391657
PUNO,SAN ANTONIO DE PUTINA,QUILCAPUNCU,94.40774487471526
PUNO,MELGAR,AYAVIRI,98.55427823050057
PUNO,AZANGARO,MUÑANI,56.56202579666161
PUNO,MELGAR,ORURILLO,97.3428143712575
PUNO,SANDIA,PATAMBUCO,82.81161578555474
PUNO,MELGAR,NUÑOA,90.2096506354985
PUNO,SANDIA,SANDIA,88.56410256410257
PUNO,SANDIA,QUIACA,94.77717391304348
PUNO,CARABAYA,AJOYANI,99.66994382022472
PUNO,SANDIA,ALTO INAMBARI,5.463877472386335
PUNO,CARABAYA,OLLACHEA,93.67845786963434
ANCASH,PALLASCA,PAMPAS,88.97038567493112
ANCASH,PALLASCA,SANTA ROSA,35.43312324929972
ANCASH,POMABAMBA,PAROBAMBA,82.0081227436823
HUANUCO,HUAMALIES,SINGA,92.72727272727272
HUANUCO,LEONCIO PRADO,RUPA-RUPA,0.0
HUANUCO,DOS DE MAYO,MARIAS,57.54051054384017
HUANUCO,HUAMALIES,JACAS GRANDE,92.70361990950227
HUANUCO,LEONCIO PRADO,DANIEL ALOMIA ROBLES,0.1733102253032928
HUANUCO,HUAMALIES,ARANCAY,95.56460084033613
HUANUCO,AMBO,AMBO,93.0989190548014
HUANUCO,AMBO,CAYNA,95.59575534759358
HUANUCO,PUERTO INCA,TOURNAVISTA,0.0
JUNIN,CHANCHAMAYO,PERENE,0.7965825874694874
JUNIN,CHANCHAMAYO,PICHANAQUI,0.7421599718111347
JUNIN,CHANCHAMAYO,SAN LUIS DE SHUARO,1.7916666666666667
LIMA,HUAURA,LEONCIO PRADO,73.30349794238683
LIMA,YAUYOS,YAUYOS,57.357336956521735
LIMA,YAUYOS,ALIS,95.78947368421052
ANCASH,CASMA,CASMA,0.5531451201631925
ANCASH,CASMA,BUENA VISTA ALTA,0.7019562715765247
ANCASH,OCROS,SAN PEDRO,11.149215249443039
ANCASH,RECUAY,COTAPARACO,96.25173611111113
ANCASH,YUNGAY,YUNGAY,88.44101307189541
ANCASH,YUNGAY,CASCAPARA,73.68656015037593
ANCASH,HUARAZ,COLCABAMBA,54.52116212338594
ANCASH,CARLOS FERMIN FITZCARRALD,SAN NICOLAS,83.76806358381504
ANCASH,HUAYLAS,YURACMARCA,80.06006514447886
ANCASH,MARISCAL LUZURIAGA,CASCA,97.73790322580645
ANCASH,MARISCAL LUZURIAGA,LLAMA,91.82371794871796
ANCASH,PALLASCA,BOLOGNESI,64.65174129353234
ANCASH,HUARI,HUARI,58.6685606060606
ANCASH,HUARI,CHAVIN DE HUANTAR,97.55387931034483
ANCASH,HUARI,HUACACHI,92.49119718309859
ANCASH,HUARI,HUACCHIS,91.07421875
ANCASH,HUARI,HUACHIS,96.90524193548386
ANCASH,OCROS,CONGAS,88.36420722135009
ANCASH,PALLASCA,HUACASCHUQUE,94.20454545454547
ANCASH,PALLASCA,LACABAMBA,90.82932692307692
ANCASH,POMABAMBA,QUINUABAMBA,81.81301652892562
ANCASH,SANTA,CACERES DEL PERU,51.61092388344226
ANCASH,SANTA,MACATE,39.95400629387558
ANCASH,SIHUAS,SIHUAS,87.70045045045046
ANCASH,SIHUAS,CASHAPAMPA,93.16885964912282
ANCASH,SIHUAS,CHINGALPO,86.8627450980392
ANCASH,SIHUAS,QUICHES,74.50502152080344
LIMA,CAJATAMBO,HUANCAPON,73.05785123966942
LIMA,CAJATAMBO,MANAS,60.319659154404924
LIMA,HUAURA,CHECRAS,83.19616788321169
LIMA,HUAURA,SANTA LEONOR,93.77604166666669
LIMA,CAJATAMBO,CAJATAMBO,93.39186946902655
LIMA,CAJATAMBO,COPA,87.84023668639054
LA LIBERTAD,TRUJILLO,EL PORVENIR,0.0
CAJAMARCA,CUTERVO,SAN JUAN DE CUTERVO,8.978813559322033
CAJAMARCA,CUTERVO,SAN LUIS DE LUCMA,52.84957627118644
CAJAMARCA,CUTERVO,SOCOTA,79.78237666034155
CAJAMARCA,CHOTA,CHIMBAN,56.01745313510019
CAJAMARCA,CHOTA,LAJAS,84.73852040816325
CAJAMARCA,CHOTA,PION,58.90163376446562
CAJAMARCA,SANTA CRUZ,SANTA CRUZ,63.718664477285174
CAJAMARCA,SAN IGNACIO,SAN IGNACIO,1.0194730813287516
CAJAMARCA,JAEN,SAN JOSE DEL ALTO,0.24330900243309
CAJAMARCA,JAEN,CHONTALI,12.843515323726404
TUMBES,TUMBES,CORRALES,0.0
TUMBES,CONTRALMIRANTE VILLAR,CANOAS DE PUNTA SAL,0.0
TUMBES,ZARUMILLA,ZARUMILLA,0.0
CAJAMARCA,CELENDIN,CELENDIN,64.98111171073934
CAJAMARCA,CUTERVO,CUTERVO,72.54665242165242
CAJAMARCA,CUTERVO,QUEROCOTILLO,19.700945749324468
CAJAMARCA,HUALGAYOC,BAMBAMARCA,21.895212285456182
CAJAMARCA,CHOTA,CHOTA,83.70608108108107
CAJAMARCA,CHOTA,CHADIN,62.509433962264154
CAJAMARCA,CHOTA,CONCHAN,80.60685483870967
CAJAMARCA,SANTA CRUZ,NINABAMBA,88.1107442977191
LIMA,LIMA,LURIGANCHO,52.36256544502618
LIMA,LIMA,SAN BORJA,11.11111111111111
LIMA,LIMA,SAN MIGUEL,0.0
LIMA,LIMA,RIMAC,0.0
LIMA,LIMA,INDEPENDENCIA,0.0
LIMA,LIMA,SAN ISIDRO,0.0
LIMA,LIMA,BARRANCO,0.0
AYACUCHO,HUAMANGA,ANDRES AVELINO CACERES DORREGARAY,97.58928571428572
JUNIN,YAULI,MOROCOCHA,7.149663677130046
HUANUCO,HUANUCO,HUANUCO,80.84833699835075
HUANUCO,HUANUCO,CHURUBAMBA,84.0568438914027
HUANUCO,HUANUCO,SAN PEDRO DE CHAULAN,98.48254504504504
HUANUCO,HUANUCO,YACUS,98.29918032786884
HUANUCO,DOS DE MAYO,CHUQUIS,97.64880952380953
HUANUCO,PACHITEA,PANAO,92.47993650233707
HUANUCO,YAROWILCA,CHACABAMBA,99.5
HUANUCO,YAROWILCA,PAMPAMARCA,98.0
HUANUCO,LAURICOCHA,QUEROPALCA,98.95833333333334
HUANUCO,LAURICOCHA,SAN FRANCISCO DE ASIS,99.97395833333333
HUANUCO,PACHITEA,CHAGLLA,47.429582077819994
HUANUCO,HUANUCO,SANTA MARIA DEL VALLE,92.19596171802056
HUANUCO,DOS DE MAYO,SILLAPATA,97.89046653144015
HUANUCO,PACHITEA,UMARI,90.10690045248869
HUANUCO,LAURICOCHA,BAÑOS,99.88132911392405
HUANUCO,LAURICOCHA,RONDOS,97.5973487986744
HUANUCO,HUAMALIES,MONZON,0.935672886267731
HUANUCO,HUAMALIES,PUNCHAO,95.92424242424241
HUANUCO,HUAMALIES,PUÑOS,96.21141975308642
HUANUCO,HUAMALIES,TANTAMAYO,90.37114845938376
HUANUCO,HUACAYBAMBA,HUACAYBAMBA,89.73323465053417
HUANUCO,PUERTO INCA,HONORIA,0.0
JUNIN,JUNIN,ULCUMAYO,87.87189822395767
HUANUCO,PUERTO INCA,YUYAPICHIS,0.0
LORETO,UCAYALI,CONTAMANA,0.0
LORETO,UCAYALI,PADRE MARQUEZ,0.0
SAN MARTIN,PICOTA,CASPISAPA,0.0
APURIMAC,COTABAMBAS,COTABAMBAS,89.846547314578
APURIMAC,CHINCHEROS,URANMARCA,94.66037849566055
APURIMAC,ANDAHUAYLAS,SANTA MARIA DE CHICMO,94.31985294117646
APURIMAC,ABANCAY,TAMBURCO,91.6042780748663
CUSCO,CHUMBIVILCAS,CAPACMARCA,98.51815050344462
CUSCO,CHUMBIVILCAS,CHAMACA,97.81338787751235
CUSCO,CANAS,LAYO,98.21446078431373
CUSCO,CANCHIS,CHECACUPE,42.66628526410564
CUSCO,ACOMAYO,POMACANCHI,98.25039390756302
AYACUCHO,LUCANAS,LEONCIO PRADO,60.54863872743959
AYACUCHO,PAUCAR DEL SARA SARA,CORCULLA,57.913752913752916
AYACUCHO,PAUCAR DEL SARA SARA,PAUSA,38.593023255813954
AYACUCHO,PARINACOCHAS,PUYUSCA,76.31531053980032
AYACUCHO,PAUCAR DEL SARA SARA,OYOLO,78.09972472472472
AYACUCHO,PAUCAR DEL SARA SARA,COLTA,74.55884695015129
AYACUCHO,PARINACOCHAS,CHUMPI,81.15976604041121
AYACUCHO,PARINACOCHAS,SAN FRANCISCO DE RAVACAYCO,73.87301587301587
AYACUCHO,LUCANAS,CHAVIÑA,77.39181692094314
AYACUCHO,HUANCA SANCOS,SACSAMARCA,92.72113594040968
LIMA,HUARAL,PACARAOS,94.02273259901568
LIMA,YAUYOS,ALLAUCA,54.0696097883598
LIMA,YAUYOS,HUAÑEC,89.1936936936937
LIMA,YAUYOS,MADEAN,91.24515503875969
LIMA,YAUYOS,QUINCHES,88.91895604395606
LIMA,YAUYOS,TAURIPAMPA,48.58539844509232
CALLAO,CALLAO,LA PUNTA,0.0
ICA,CHINCHA,CHINCHA ALTA,2.6881720430107525
JUNIN,HUANCAYO,EL TAMBO,100.0
LIMA,LIMA,PUENTE PIEDRA,0.0
LIMA,LIMA,SAN MARTIN DE PORRES,0.0
LIMA,LIMA,COMAS,42.5
LIMA,LIMA,LA MOLINA,100.0
ANCASH,CORONGO,YUPAN,67.58221187025535
ANCASH,OCROS,COCHAS,18.027859237536656
CAJAMARCA,CONTUMAZA,CUPISNIQUE,28.631147540983605
ANCASH,AIJA,SUCCHA,87.93489583333334
ANCASH,HUARI,RAPAYAN,93.03046218487395
ANCASH,HUARMEY,CULEBRAS,0.5758157389635317
ANCASH,HUARMEY,HUAYAN,48.52173913043478
ANCASH,HUAYLAS,CARAZ,82.0320351758794
ANCASH,AIJA,LA MERCED,92.08688630490957
ANCASH,ANTONIO RAYMONDI,ACZO,47.796052631578945
ANCASH,ANTONIO RAYMONDI,CHACCHO,43.71174863387978
ANCASH,CARHUAZ,CARHUAZ,76.70367494824016
ANCASH,CARHUAZ,ATAQUERO,28.21611721611722
ANCASH,CARHUAZ,MARCARA,91.25
ANCASH,CARHUAZ,PARIAHUANCA,90.0376984126984
ANCASH,HUARAZ,HUARAZ,88.81550991501416
ANCASH,HUARAZ,HUANCHAY,67.05714285714285
ANCASH,HUARAZ,PARIACOTO,56.36968085106383
ANCASH,HUARAZ,TARICA,96.06958762886597
JUNIN,CONCEPCION,MATAHUASI,99.70394736842105
JUNIN,CONCEPCION,SANTA ROSA DE OCOPA,100.0
JUNIN,JAUJA,PACCHA,99.31666666666666
JUNIN,JAUJA,APATA,85.09139248919905
JUNIN,JAUJA,MUQUIYAUYO,99.375
JUNIN,JAUJA,EL MANTARO,100.0
JUNIN,JAUJA,HUAMALI,100.0
JUNIN,JAUJA,ATAURA,100.0
JUNIN,JAUJA,LLOCLLAPAMPA,98.1741573033708
JUNIN,JAUJA,HUERTAS,100.0
JUNIN,JAUJA,JULCAN,100.0
JUNIN,JAUJA,PACA,97.99564270152506
JUNIN,JAUJA,YAULI,97.91855203619909
JUNIN,JAUJA,TUNAN MARCA,97.73420479302831
JUNIN,YAULI,HUAY-HUAY,99.19254658385093
JUNIN,YAULI,LA OROYA,98.1150159744409
JUNIN,TARMA,HUARICOLCA,99.21532846715328
JUNIN,SATIPO,PAMPA HERMOSA,46.906924795234545
JUNIN,TARMA,TAPO,95.81512024699381
JUNIN,SATIPO,COVIRIALI,0.0
JUNIN,YAULI,MARCAPOMACOCHA,1.364256480218281
JUNIN,JUNIN,JUNIN,89.14428374655647
LIMA,CAÑETE,IMPERIAL,65.08305647840531
LIMA,CAÑETE,SANTA CRUZ DE FLORES,1.282051282051282
LIMA,HUAROCHIRI,CARAMPOMA,96.103515625
LIMA,HUAROCHIRI,CHICLA,94.52168367346938
LIMA,HUAROCHIRI,HUACHUPAMPA,86.81547619047619
LIMA,LIMA,PACHACAMAC,52.04059829059829
LIMA,LIMA,PUNTA HERMOSA,46.54365436543655
AYACUCHO,LUCANAS,SAN PEDRO,49.44551876694734
AYACUCHO,LUCANAS,PUQUIO,83.40583218072845
AYACUCHO,LUCANAS,OCAÑA,49.664518027174495
AYACUCHO,LUCANAS,CHIPAO,69.44285345717235
AYACUCHO,LUCANAS,SANTA ANA DE HUAYCAHUACHO,89.28490990990991
AYACUCHO,LUCANAS,AUCARA,88.63143631436313
AYACUCHO,SUCRE,SORAS,93.86458333333334
AYACUCHO,VICTOR FAJARDO,ASQUIPATA,90.66939890710381
AYACUCHO,VICTOR FAJARDO,APONGO,93.50495337995338
AYACUCHO,HUANCA SANCOS,SANTIAGO DE LUCANAMARCA,21.38442095588235
AYACUCHO,VICTOR FAJARDO,HUAYA,86.72916666666667
AYACUCHO,VICTOR FAJARDO,HUANCARAYLLA,72.68198529411765
AYACUCHO,VICTOR FAJARDO,COLCA,76.39772727272728
CUSCO,PARURO,PACCARITAMBO,93.5170538803757
CUSCO,PARURO,COLCHA,93.92042622133599
CUSCO,CANAS,CHECCA,99.64621648181947
CUSCO,CANAS,QUEHUE,99.23076923076924
CUSCO,CANCHIS,SICUANI,85.87804352510236
CUSCO,CANCHIS,COMBAPATA,99.72930096696213
CUSCO,CANCHIS,MARANGANI,72.35455278001612
CUSCO,CANCHIS,PITUMARCA,68.73323013415893
CUSCO,QUISPICANCHI,LUCRE,91.79779411764706
CUSCO,QUISPICANCHI,QUIQUIJANA,95.1751160990712
CUSCO,CANCHIS,SAN PEDRO,98.5594237695078
CUSCO,ESPINAR,PALLPATA,97.19743929548564
HUANCAVELICA,HUAYTARA,SANTO DOMINGO DE CAPILLAS,85.55146563342318
ICA,NASCA,CHANGUILLO,1.0391241923905241
ICA,NASCA,EL INGENIO,0.8486562942008486
ICA,NASCA,VISTA ALEGRE,28.512715855573
ICA,PALPA,PALPA,15.009345794392523
ICA,PALPA,LLIPATA,38.36935092508341
ICA,ICA,LOS AQUIJES,0.0
ICA,ICA,OCUCAJE,0.0
ICA,ICA,SAN JUAN BAUTISTA,25.31468531468532
APURIMAC,CHINCHEROS,RANRACANCHA,95.20729978738484
APURIMAC,ANDAHUAYLAS,KAQUIABAMBA,28.875646412411122
APURIMAC,CHINCHEROS,HUACCANA,78.71848739495798
AYACUCHO,HUAMANGA,SOCOS,86.94055944055944
CUSCO,ANTA,MOLLEPATA,91.6391737616099
CUSCO,URUBAMBA,CHINCHERO,96.7578659370725
CUSCO,CALCA,LARES,93.53422547415039
CUSCO,LA CONVENCION,MARANURA,19.623360135421073
CUSCO,LA CONVENCION,SANTA TERESA,84.96990178477137
CUSCO,URUBAMBA,OLLANTAYTAMBO,90.41471189702875
CUSCO,URUBAMBA,YUCAY,90.86309523809524
AYACUCHO,CANGALLO,TOTOS,97.55053191489361
AYACUCHO,HUAMANGA,OCROS,87.59641507205292
AYACUCHO,HUAMANGA,CHIARA,95.98614775725594
AYACUCHO,HUAMANGA,SAN JUAN BAUTISTA,81.06666666666666
AYACUCHO,HUAMANGA,ACOS VINCHOS,77.61099999999999
AYACUCHO,LA MAR,SAN MIGUEL,77.22130606860158
AYACUCHO,HUAMANGA,CARMEN ALTO,74.95238095238096
CUSCO,CALCA,PISAC,96.0719494409334
CUSCO,CALCA,TARAY,97.57052821128451
HUANCAVELICA,CASTROVIRREYNA,CAPILLAS,62.13339070567986
HUANCAVELICA,ANGARAES,SANTO TOMAS DE PATA,91.90193965517243
HUANCAVELICA,ANGARAES,SECCLLA,93.62682481751824
HUANCAVELICA,HUANCAVELICA,HUACHOCOLPA,10.66084229390681
HUANCAVELICA,CASTROVIRREYNA,CHUPAMARCA,94.35649671052632
HUANCAVELICA,ANGARAES,CONGALLA,88.1546218487395
HUANCAVELICA,ACOBAMBA,ACOBAMBA,93.57058823529411
HUANCAVELICA,ACOBAMBA,MARCAS,81.50076064908723
HUANCAVELICA,HUANCAVELICA,ACORIA,94.46048607496097
HUANCAVELICA,HUANCAVELICA,MANTA,100.0
HUANCAVELICA,HUANCAVELICA,CONAYCA,98.14516129032258
HUANCAVELICA,HUANCAVELICA,VILCA,97.39170086639308
HUANCAVELICA,HUANCAVELICA,CUENCA,85.0
HUANCAVELICA,TAYACAJA,ACRAQUIA,96.5920716112532
HUANCAVELICA,TAYACAJA,DANIEL HERNANDEZ,92.59254563894524
HUANCAVELICA,TAYACAJA,HUARIBAMBA,93.98117647058822
HUANCAVELICA,TAYACAJA,SAN MARCOS DE ROCCHAC,94.73566641846611
HUANCAVELICA,CHURCAMPA,COSME,96.91683569979716
HUANCAVELICA,CHURCAMPA,LA MERCED,84.55508474576271
HUANCAVELICA,CHURCAMPA,PACHAMARCA,92.32918552036199
HUANCAVELICA,CHURCAMPA,CHINCHIHUASI,88.16659510519537
HUANCAVELICA,TAYACAJA,COLCABAMBA,85.32055518836748
ICA,CHINCHA,ALTO LARAN,1.950325732899023
ICA,CHINCHA,CHAVIN,60.99393219891835
ICA,CHINCHA,CHINCHA BAJA,9.133333333333333
ICA,CHINCHA,EL CARMEN,3.5110410094637223
JUNIN,HUANCAYO,SAPALLANGA,98.710407239819
JUNIN,CHUPACA,CHONGOS BAJO,48.16176470588236
JUNIN,CONCEPCION,CHAMBARA,99.85733695652175
JUNIN,HUANCAYO,PARIAHUANCA,94.08354646206308
JUNIN,JAUJA,SINCOS,98.5341494845361
JUNIN,CONCEPCION,MANZANARES,100.0
JUNIN,HUANCAYO,SAN AGUSTIN,100.0
JUNIN,HUANCAYO,SAÑO,100.0
JUNIN,CONCEPCION,ORCOTUNA,100.0
JUNIN,HUANCAYO,CHACAPAMPA,99.92924528301887
JUNIN,HUANCAYO,CARHUACALLANGA,100.0
JUNIN,HUANCAYO,CHICCHE,91.61764705882354
JUNIN,CHUPACA,AHUAC,97.31127450980392
JUNIN,CHUPACA,SAN JUAN DE JARPA,99.96651785714286
LORETO,PUTUMAYO,YAGUAS,0.0
LORETO,PUTUMAYO,ROSA PANDURO,0.0
AMAZONAS,UTCUBAMBA,CAJARURO,33.379330842391305
AMAZONAS,LUYA,SAN FRANCISCO DEL YESO,85.12843137254902
AMAZONAS,RODRIGUEZ DE MENDOZA,CHIRIMOTO,45.56415343915344
AMAZONAS,RODRIGUEZ DE MENDOZA,MILPUC,20.09576138147567
AMAZONAS,LUYA,TINGO,82.88560191518468
AMAZONAS,CHACHAPOYAS,SAN ISIDRO DE MAINO,91.80753070458954
AMAZONAS,RODRIGUEZ DE MENDOZA,COCHAMAL,1.3477891156462585
AMAZONAS,CHACHAPOYAS,SAN FRANCISCO DE DAGUAS,96.86309523809524
AMAZONAS,LUYA,CAMPORREDONDO,17.73855750165235
AMAZONAS,LUYA,LONYA CHICO,89.63362068965517
AMAZONAS,LUYA,LUYA,86.00649350649351
PASCO,PASCO,HUAYLLAY,1.070154577883472
PASCO,PASCO,TINYAHUARCO,10.126582278481012
PASCO,PASCO,SIMON BOLIVAR,13.931064572425829
PASCO,PASCO,TICLACAYAN,94.50142233059026
PASCO,PASCO,HUARIACA,98.63636363636363
PASCO,DANIEL ALCIDES CARRION,SAN PEDRO DE PILLAO,97.46957403651115
SAN MARTIN,TOCACHE,NUEVO PROGRESO,0.0
SAN MARTIN,TOCACHE,POLVORA,0.0
SAN MARTIN,MARISCAL CACERES,PAJARILLO,0.0
SAN MARTIN,MARISCAL CACERES,JUANJUI,0.0
SAN MARTIN,BELLAVISTA,BAJO BIAVO,0.0
SAN MARTIN,HUALLAGA,SACANCHE,0.0
SAN MARTIN,PICOTA,SAN HILARION,0.0
SAN MARTIN,PICOTA,SHAMBOYACU,0.0
SAN MARTIN,PICOTA,TINGO DE PONASA,0.0
SAN MARTIN,PICOTA,PICOTA,0.0
CAJAMARCA,SAN MARCOS,CHANCAY,48.37792397660819
CAJAMARCA,CAJAMARCA,LLACANORA,86.78197674418604
CAJAMARCA,CAJAMARCA,LOS BAÑOS DEL INCA,90.33039860681114
CAJAMARCA,CAJAMARCA,MAGDALENA,79.8259658893143
APURIMAC,AYMARAES,LUCRE,72.40407369844489
APURIMAC,AYMARAES,CHAPIMARCA,94.20270623042116
APURIMAC,AYMARAES,COLCABAMBA,93.11000386996905
APURIMAC,AYMARAES,COTARUSE,95.09852638793696
APURIMAC,COTABAMBAS,HAQUIRA,85.7305853375833
APURIMAC,GRAU,MAMARA,83.91544117647058
APURIMAC,AYMARAES,SORAYA,93.6764705882353
APURIMAC,COTABAMBAS,CHALLHUAHUACHO,99.0442149081855
APURIMAC,AYMARAES,TAPAIRIHUA,93.994825708061
APURIMAC,COTABAMBAS,MARA,90.42348966613673
APURIMAC,AYMARAES,JUSTO APU SAHUARAURA,92.96962535014006
APURIMAC,ANDAHUAYLAS,CHIARA,94.66323529411764
APURIMAC,COTABAMBAS,COYLLURQUI,89.89795705213902
APURIMAC,ABANCAY,LAMBRAMA,83.51086076632488
APURIMAC,ANDAHUAYLAS,TURPO,98.41299019607844
APURIMAC,ANDAHUAYLAS,SAN ANTONIO DE CACHI,90.17090620031796
CAJAMARCA,CAJAMARCA,NAMORA,90.92307692307693
CAJAMARCA,CAJAMARCA,SAN JUAN,81.60087719298247
CAJAMARCA,CAJABAMBA,CAJABAMBA,83.82165605095541
CAJAMARCA,CELENDIN,UTCO,51.148459383753504
CAJAMARCA,SAN MIGUEL,SAN MIGUEL,49.15133736421399
CAJAMARCA,SAN MIGUEL,CALQUIS,88.56185890726397
CAJAMARCA,SAN MIGUEL,SAN SILVESTRE DE COCHAN,95.9146922657952
CAJAMARCA,SAN PABLO,SAN BERNARDINO,51.7861743237441
LA LIBERTAD,TRUJILLO,VICTOR LARCO HERRERA,0.0
LA LIBERTAD,BOLIVAR,BOLIVAR,78.3865528827425
LA LIBERTAD,OTUZCO,AGALLPAMPA,86.89285714285714
LA LIBERTAD,OTUZCO,LA CUESTA,63.903846153846146
LA LIBERTAD,GRAN CHIMU,LUCMA,32.05327004219409
LA LIBERTAD,SANTIAGO DE CHUCO,ANGASMARCA,69.56674695740364
LA LIBERTAD,SANTIAGO DE CHUCO,SITABAMBA,88.44353281853282
AMAZONAS,LUYA,LUYA VIEJO,81.74019607843138
AMAZONAS,CHACHAPOYAS,OLLEROS,84.36773255813954
AMAZONAS,BONGARA,RECTA,92.05434782608695
AMAZONAS,BONGARA,CHISQUILLA,80.59701492537313
AMAZONAS,BAGUA,BAGUA,15.945945945945946
AMAZONAS,BAGUA,IMAZA,0.07761484706151905
AMAZONAS,CONDORCANQUI,RIO SANTIAGO,0.0
LORETO,REQUENA,CAPELO,0.0
LORETO,REQUENA,SAQUENA,0.0
LORETO,UCAYALI,SARAYACU,0.0
LORETO,DATEM DEL MARAÑON,BARRANCA,0.0
SAN MARTIN,EL DORADO,SANTA ROSA,0.0
SAN MARTIN,PICOTA,BUENOS AIRES,0.0
SAN MARTIN,SAN MARTIN,ALBERTO LEVEAU,0.0
SAN MARTIN,EL DORADO,AGUA BLANCA,0.0
SAN MARTIN,LAMAS,ZAPATERO,0.0
SAN MARTIN,EL DORADO,SHATOJA,0.0
SAN MARTIN,LAMAS,CUÑUMBUQUI,0.0
SAN MARTIN,SAN MARTIN,CHAZUTA,0.0
SAN MARTIN,HUALLAGA,ALTO SAPOSOA,0.6040121199456692
SAN MARTIN,SAN MARTIN,CACATACHI,0.0
SAN MARTIN,SAN MARTIN,HUIMBAYOC,0.0
SAN MARTIN,LAMAS,CAYNARACHI,0.0
SAN MARTIN,LAMAS,BARRANQUITA,0.0
SAN MARTIN,SAN MARTIN,EL PORVENIR,0.0
SAN MARTIN,RIOJA,YORONGOS,0.0
SAN MARTIN,MOYOBAMBA,JEPELACIO,0.0
SAN MARTIN,MOYOBAMBA,CALZADA,3.094736842105263
SAN MARTIN,RIOJA,SAN FERNANDO,0.0
CAJAMARCA,JAEN,PUCARA,2.9684917355371896
CAJAMARCA,CUTERVO,CUJILLO,3.6585365853658525
LIMA,HUAROCHIRI,LAHUAYTAMBO,86.49715320910974
LIMA,HUAROCHIRI,RICARDO PALMA,10.344827586206897
LIMA,HUAROCHIRI,SAN MATEO DE OTAO,69.29816513761467
LIMA,HUAROCHIRI,SANGALLAYA,78.66310160427807
LIMA,HUAROCHIRI,SANTIAGO DE ANCHUCAYA,97.33024691358025
LIMA,HUAROCHIRI,SANTO DOMINGO DE LOS OLLEROS,32.58775787621941
LIMA,YAUYOS,CATAHUASI,61.46458333333334
LIMA,YAUYOS,CHOCOS,52.88231292517007
LIMA,YAUYOS,HUANGASCAR,82.80966469428007
LIMA,YAUYOS,LINCHA,92.80054644808743
LIMA,YAUYOS,PUTINZA,15.456410256410257
LIMA,CANTA,CANTA,79.45912824589296
LIMA,CAÑETE,CALANGO,0.507975473333441
LIMA,CAÑETE,CERRO AZUL,10.366774541531823
LIMA,CAÑETE,COAYLLO,2.1634936539746157
LIMA,CAÑETE,NUEVO IMPERIAL,15.673934367754594
LIMA,CAÑETE,SAN ANTONIO,52.86931818181819
LIMA,CAÑETE,SAN LUIS,47.31182795698925
LIMA,HUARAL,ATAVILLOS ALTO,48.706135902636916
LIMA,HUARAL,AUCALLAMA,33.95249658521779
CAJAMARCA,SANTA CRUZ,YAUYUCAN,91.80906593406593
CAJAMARCA,JAEN,SANTA ROSA,5.93607305936073
LAMBAYEQUE,CHICLAYO,CHICLAYO,0.0
LAMBAYEQUE,CHICLAYO,CHONGOYAPE,0.8347529812606473
LAMBAYEQUE,CHICLAYO,OYOTUN,2.9931007356380492
LAMBAYEQUE,CHICLAYO,TUMAN,0.0
LAMBAYEQUE,FERREÑAFE,PITIPO,1.0927152317880795
LAMBAYEQUE,LAMBAYEQUE,JAYANCA,0.0
LAMBAYEQUE,LAMBAYEQUE,MOTUPE,0.0
LAMBAYEQUE,LAMBAYEQUE,OLMOS,0.4611650485436893
LAMBAYEQUE,LAMBAYEQUE,ILLIMO,0.0
LAMBAYEQUE,LAMBAYEQUE,PACORA,0.0
LAMBAYEQUE,LAMBAYEQUE,SALAS,11.995516753185465
PIURA,SULLANA,MARCAVELICA,0.0
PIURA,PAITA,AMOTAPE,0.0
PIURA,SECHURA,BERNAL,0.0
PIURA,PIURA,EL TALLAN,0.0
PIURA,HUANCABAMBA,CANCHAQUE,10.425827883317762
PIURA,HUANCABAMBA,SONDORILLO,55.922117098587684
PIURA,PIURA,CURA MORI,0.0
PIURA,HUANCABAMBA,SONDOR,62.65352216976766
PIURA,PIURA,LA UNION,0.0
ICA,PISCO,SAN ANDRES,0.0
ICA,PISCO,SAN CLEMENTE,0.8849557522123894
ICA,PISCO,TUPAC AMARU INCA,0.0
TACNA,TACNA,TACNA,3.5946973051746767
TACNA,TACNA,CALANA,53.06734006734006
TACNA,JORGE BASADRE,LOCUMBA,82.90277777777777
MOQUEGUA,GENERAL SANCHEZ CERRO,COALAQUE,65.89842347195288
MOQUEGUA,GENERAL SANCHEZ CERRO,LA CAPILLA,50.90807698194062
MOQUEGUA,GENERAL SANCHEZ CERRO,LLOQUE,91.6168911733428
MOQUEGUA,GENERAL SANCHEZ CERRO,PUQUINA,33.29867354867355
MOQUEGUA,GENERAL SANCHEZ CERRO,QUINISTAQUILLAS,5.276860154160769
TACNA,TACNA,PACHIA,61.607161607161615
TACNA,TACNA,PALCA,42.302057330260396
TACNA,TACNA,POCOLLAY,53.35694665957824
TACNA,CANDARAVE,CAMILACA,61.24933899034618
TACNA,TARATA,TARUCACHI,79.5531914893617
TACNA,TACNA,CIUDAD NUEVA,6.890937019969277
LA LIBERTAD,JULCAN,JULCAN,89.95270270270271
LA LIBERTAD,ASCOPE,SANTIAGO DE CAO,0.0
LA LIBERTAD,OTUZCO,USQUIL,80.28438303341903
LA LIBERTAD,PACASMAYO,GUADALUPE,0.0
LA LIBERTAD,VIRU,GUADALUPITO,1.544935064935065
LA LIBERTAD,SANCHEZ CARRION,CHUGAY,88.79723837209303
LA LIBERTAD,SANCHEZ CARRION,CURGOS,90.9375
LA LIBERTAD,SANCHEZ CARRION,SANAGORAN,90.12362637362637
UCAYALI,ATALAYA,YURUA,0.0
CAJAMARCA,SAN MARCOS,GREGORIO PITA,80.9084699453552
CAJAMARCA,SAN MARCOS,JOSE MANUEL QUIROZ,44.736111111111114
CAJAMARCA,CAJAMARCA,ASUNCION,75.80255681818183
CAJAMARCA,CAJABAMBA,CACHACHI,77.83482142857142
CAJAMARCA,CAJABAMBA,CONDEBAMBA,71.65130208333332
CAJAMARCA,CAJABAMBA,SITACOCHA,61.73218029350105
JUNIN,YAULI,SUITUCANCHA,6.703910614525141
JUNIN,JAUJA,MASMA,100.0
AREQUIPA,LA UNION,TAURIA,37.599591419816136
AREQUIPA,CARAVELI,JAQUI,13.902894491129786
PIURA,PIURA,TAMBO GRANDE,0.0
PUNO,YUNGUYO,YUNGUYO,88.24829931972789
PUNO,YUNGUYO,TINICACHI,50.0
PUNO,PUNO,ACORA,81.4320835894284
CUSCO,ESPINAR,PICHIGUA,81.08709432048681
CUSCO,ESPINAR,SUYCKUTAMBO,96.72856430707876
AYACUCHO,LA MAR,TAMBO,86.57972440944883
AYACUCHO,HUANTA,SANTILLANA,92.75520833333333
AYACUCHO,LA MAR,AYNA,49.11886746399805
AYACUCHO,HUANTA,CANAYRE,0.0
CUSCO,QUISPICANCHI,CCARHUAYO,95.42658730158732
CUSCO,QUISPICANCHI,CAMANTI,0.21082097368862074
HUANCAVELICA,TAYACAJA,SURCUBAMBA,87.37271379139892
HUANCAVELICA,HUAYTARA,SAN ANTONIO DE CUSICANCHA,89.83333333333334
HUANCAVELICA,CASTROVIRREYNA,COCAS,97.353515625
APURIMAC,GRAU,PROGRESO,98.75291205591148
LORETO,ALTO AMAZONAS,LAGUNAS,0.0
LORETO,ALTO AMAZONAS,SANTA CRUZ,0.0
LORETO,LORETO,NAUTA,0.0
LORETO,LORETO,TIGRE,0.0
TACNA,TARATA,HEROES ALBARRACIN,43.388611388611395
LA LIBERTAD,CHEPEN,PACANGA,0.41213389121338906
ANCASH,SANTA,NEPEÑA,15.000224014336919
ANCASH,SANTA,SAMANCO,18.22969696969697
LA LIBERTAD,TRUJILLO,LA ESPERANZA,0.0
APURIMAC,ANDAHUAYLAS,SAN JERONIMO,96.84569479965899
APURIMAC,ANDAHUAYLAS,ANDAHUAYLAS,94.18938307030129
CUSCO,CUSCO,SANTIAGO,95.94771241830064
ANCASH,CASMA,YAUTAN,20.276518747033695
JUNIN,CONCEPCION,ANDAMARCA,94.54145995747697
JUNIN,JAUJA,ACOLLA,97.64705882352942
MADRE DE DIOS,TAMBOPATA,INAMBARI,0.0
MADRE DE DIOS,MANU,HUEPETUHE,0.0
MADRE DE DIOS,MANU,MANU,0.01383700013837
MADRE DE DIOS,MANU,MADRE DE DIOS,0.0
LIMA,LIMA,SANTA MARIA DEL MAR,50.74074074074074
LIMA,CAÑETE,ASIA,7.602608362102034
HUANCAVELICA,HUAYTARA,SANTIAGO DE CHOCORVOS,72.72358553608552
AREQUIPA,CAYLLOMA,YANQUE,15.353712671509282
AREQUIPA,CONDESUYOS,IRAY,18.572299651567942
PIURA,MORROPON,SANTO DOMINGO,25.069444444444443
PASCO,OXAPAMPA,PUERTO BERMUDEZ,0.0
PASCO,OXAPAMPA,CONSTITUCION,0.0
LA LIBERTAD,SANTIAGO DE CHUCO,MOLLEPATA,88.67456896551724
LIMA,LIMA,SAN BARTOLO,4.331569664902998
LIMA,HUAURA,HUACHO,19.473684210526315
LIMA,HUAURA,CALETA DE CARQUIN,66.66666666666666
LIMA,HUAURA,SANTA MARIA,10.151785714285715
LIMA,CANTA,LACHAQUI,88.82523148148148
LA LIBERTAD,PATAZ,ONGON,36.61461737472767
LA LIBERTAD,PATAZ,PATAZ,66.86735474006116
AMAZONAS,UTCUBAMBA,JAMALCA,11.629556752278376
AREQUIPA,CARAVELI,QUICACHA,67.07311783436352
AREQUIPA,CASTILLA,AYO,18.5318869165023
AREQUIPA,CASTILLA,CHACHAS,44.74912848605578
AREQUIPA,CASTILLA,CHILCAYMARCA,50.248120300751886
JUNIN,SATIPO,MAZAMARI,3.770244821092279
CAJAMARCA,SAN MIGUEL,EL PRADO,67.72413793103448
CAJAMARCA,SAN MIGUEL,NIEPOS,53.61904761904762
LAMBAYEQUE,CHICLAYO,LA VICTORIA,0.0
LAMBAYEQUE,CHICLAYO,SAÑA,1.1673151750972763
LIMA,OYON,ANDAJES,88.62270341207349
LIMA,OYON,NAVAN,65.8525474956822
ANCASH,BOLOGNESI,ANTONIO RAYMONDI,35.997171145686
ANCASH,BOLOGNESI,LA PRIMAVERA,84.69951923076923
ANCASH,BOLOGNESI,PACLLON,95.48049132947978
ANCASH,BOLOGNESI,SAN MIGUEL DE CORPANQUI,88.35357142857143
ANCASH,CORONGO,ACO,90.01998081841433
AREQUIPA,CASTILLA,UÑON,23.456389836935912
AREQUIPA,CAYLLOMA,HUANCA,66.71623165108507
AREQUIPA,CAYLLOMA,ICHUPAMPA,38.24941724941725
AREQUIPA,ISLAY,MEJIA,9.133333333333333
AREQUIPA,LA UNION,ALCA,77.1341463414634
AREQUIPA,LA UNION,CHARCANA,86.86263736263737
AREQUIPA,LA UNION,HUAYNACOTAS,8.417570153061225
AREQUIPA,LA UNION,PAMPAMARCA,69.20445884146342
AREQUIPA,LA UNION,PUYCA,48.68005952380952
AREQUIPA,CAYLLOMA,CALLALLI,0.6552123552123552
AREQUIPA,AREQUIPA,SANTA RITA DE SIGUAS,96.85082872928177
AREQUIPA,AREQUIPA,TIABAYA,88.92857142857143
AREQUIPA,AREQUIPA,UCHUMAYO,38.34711779448621
AREQUIPA,AREQUIPA,YARABAMBA,44.22794117647059
AREQUIPA,AREQUIPA,YURA,64.98904701117362
AREQUIPA,CAMANA,QUILCA,4.4619422572178475
AREQUIPA,CAMANA,SAMUEL PASTOR,6.659574468085106
AREQUIPA,AREQUIPA,CERRO COLORADO,66.02777777777777
AREQUIPA,AREQUIPA,MOLLEBAYA,23.74549062049062
AREQUIPA,AREQUIPA,SABANDIA,55.32915360501568
AREQUIPA,AREQUIPA,SAN JUAN DE SIGUAS,59.46666666666667
AREQUIPA,AREQUIPA,ALTO SELVA ALEGRE,69.19801251380198
AREQUIPA,AREQUIPA,JACOBO HUNTER,79.49579831932773
AREQUIPA,AREQUIPA,YANAHUARA,79.0
APURIMAC,ABANCAY,SAN PEDRO DE CACHORA,86.16493656286045
APURIMAC,ABANCAY,HUANIPACA,76.0700519524049
APURIMAC,ANDAHUAYLAS,TALAVERA,87.6880013368984
APURIMAC,CHINCHEROS,ANCO_HUALLO,96.43879173290938
PIURA,MORROPON,BUENOS AIRES,0.0
PIURA,HUANCABAMBA,LALAQUIZ,24.329370083468447
PIURA,MORROPON,MORROPON,1.4388489208633095
PIURA,MORROPON,YAMANGO,20.05690072639225
PIURA,MORROPON,CHULUCANAS,32.03389830508475
PIURA,PIURA,CASTILLA,0.0
PIURA,PAITA,PAITA,0.0
PIURA,AYABACA,SAPILLICA,14.583513060148574
PIURA,SULLANA,QUERECOTILLO,0.0
PIURA,AYABACA,JILILI,0.0
PIURA,AYABACA,SICCHEZ,3.846153846153846
PIURA,TALARA,EL ALTO,0.0
PIURA,PIURA,VEINTISEIS DE OCTUBRE,0.0
CUSCO,LA CONVENCION,VILLA KINTIARINA,0.6060606060606061
HUANCAVELICA,TAYACAJA,ROBLE,93.49045578496299
JUNIN,SATIPO,VIZCATAN DEL ENE,32.98041642399534
HUANCAVELICA,TAYACAJA,PICHOS,95.9451593137255
HUANUCO,LEONCIO PRADO,PUCAYACU,0.0
HUANUCO,MARAÑON,LA MORADA,0.0
AYACUCHO,LA MAR,CHUNGUI,63.496580027359784
HUANCAVELICA,TAYACAJA,SANTIAGO DE TUCUMA,94.27389705882352
HUANUCO,LEONCIO PRADO,SANTO DOMINGO DE ANDA,0.0
HUANUCO,LEONCIO PRADO,HERMILIO VALDIZAN,0.0
AREQUIPA,CAYLLOMA,SAN ANTONIO DE CHUCA,0.0
PUNO,CHUCUITO,KELLUYO,86.65362331373227
PUNO,CHUCUITO,DESAGUADERO,89.97448979591837
PUNO,YUNGUYO,COPANI,94.31372549019608
PUNO,YUNGUYO,UNICACHI,50.0
PUNO,YUNGUYO,OLLARAYA,86.95652173913044
PUNO,MOHO,HUAYRAPATA,91.76705653021443
PUNO,PUNO,TIQUILLACA,56.991028708133975
PUNO,PUNO,ATUNCOLLA,97.91628440366972
PUNO,SAN ROMAN,CABANA,97.23268072289157
PUNO,PUNO,COATA,93.18452380952382
PUNO,PUNO,CAPACHICA,74.16895604395604
PUNO,MOHO,CONIMA,93.25078616352201
PUNO,MOHO,MOHO,91.98350897736145
PUNO,HUANCANE,ROSASPATA,89.89871541501975
PUNO,HUANCANE,HUANCANE,92.0739898989899
PUNO,LAMPA,NICASIO,96.58878504672896
PUNO,LAMPA,PALCA,66.10090361445783
PUNO,LAMPA,VILAVILA,8.333333333333332
PUNO,SAN ANTONIO DE PUTINA,PEDRO VILCA APAZA,96.7094017094017
PUNO,HUANCANE,COJATA,11.61490753270185
PUNO,MELGAR,LLALLI,96.67746113989637
PUNO,AZANGARO,TIRAPATA,98.32840236686391
PUNO,SAN ANTONIO DE PUTINA,PUTINA,44.08725602755453
PUNO,AZANGARO,AZANGARO,97.04056291390728
PUNO,AZANGARO,ASILLO,97.19770029673592
PUNO,MELGAR,MACARI,96.56666919345056
PUNO,SAN ANTONIO DE PUTINA,ANANEA,3.628858024691358
PUNO,AZANGARO,SAN ANTON,99.30282909930716
PUNO,AZANGARO,SAN JOSE,94.61639221556885
PUNO,SANDIA,CUYOCUYO,71.6462703962704
PUNO,SAN ANTONIO DE PUTINA,SINA,93.53631105398458
PUNO,SANDIA,YANAHUAYA,31.61325724319579
PUNO,SANDIA,SAN JUAN DEL ORO,0.5988023952095809
PUNO,SANDIA,PHARA,60.89992727860375
PUNO,CARABAYA,MACUSANI,98.20658920074479
PUNO,CARABAYA,CORANI,97.68772730866539
PUNO,CARABAYA,ITUATA,87.4575413339332
AREQUIPA,CAYLLOMA,SIBAYO,85.56460084033614
AREQUIPA,CAYLLOMA,TISCO,19.412979064458153
ANCASH,POMABAMBA,HUAYLLAN,88.37328767123287
HUANUCO,HUAMALIES,LLATA,97.67699115044248
HUANUCO,HUAMALIES,CHAVIN DE PARIARCA,95.31666666666666
HUANUCO,LEONCIO PRADO,LUYANDO,0.0
HUANUCO,AMBO,SAN RAFAEL,96.30620467365029
JUNIN,SATIPO,RIO TAMBO,0.0
JUNIN,JUNIN,CARHUAMAYO,95.7626488095238
ANCASH,RECUAY,CATAC,97.17222884386175
ANCASH,RECUAY,HUAYLLAPAMPA,81.84305555555557
ANCASH,RECUAY,MARCA,83.13527777777777
ANCASH,RECUAY,PARARIN,34.67588325652842
ANCASH,RECUAY,TAPACOCHA,84.47199453551912
ANCASH,YUNGAY,MANCOS,86.7140522875817
ANCASH,YUNGAY,YANAMA,94.74893162393163
ANCASH,HUAYLAS,HUAYLAS,55.41666666666667
ANCASH,MARISCAL LUZURIAGA,PISCOBAMBA,86.09615384615385
ANCASH,MARISCAL LUZURIAGA,FIDEL OLIVAS ESCUDERO,83.51207386363636
ANCASH,MARISCAL LUZURIAGA,MUSGA,92.8169191919192
ANCASH,PALLASCA,CABANA,91.93326271186442
ANCASH,CASMA,COMANDANTE NOEL,0.0
ANCASH,HUARI,CAJAY,93.9375
ANCASH,OCROS,CAJAMARQUILLA,91.19101731601731
ANCASH,OCROS,CARHUAPAMPA,36.84298655889565
ANCASH,OCROS,LLIPA,53.13227513227514
ANCASH,OCROS,SAN CRISTOBAL DE RAJAN,56.70026525198939
ANCASH,SANTA,CHIMBOTE,3.587347782798499
ANCASH,SIHUAS,ALFONSO UGARTE,70.37647058823529
LIMA,HUAURA,PACCHO,74.23150510204081
LIMA,HUAURA,SAYAN,13.42132705407451
LIMA,HUAURA,VEGUETA,27.44186046511628
LIMA,OYON,OYON,96.06423611111111
LIMA,OYON,PACHANGARA,93.40829439252337
LIMA,BARRANCA,PATIVILCA,24.468085106382976
CAJAMARCA,CAJAMARCA,CAJAMARCA,91.10639158576052
CAJAMARCA,CUTERVO,SAN ANDRES DE CUTERVO,79.43483275663206
CAJAMARCA,CUTERVO,SANTO DOMINGO DE LA CAPILLA,32.69578313253012
CAJAMARCA,CELENDIN,CORTEGANA,47.69573170731708
CAJAMARCA,CHOTA,CHIGUIRIP,96.13533834586465
CAJAMARCA,CHOTA,TOCMOCHE,50.094542329179205
CAJAMARCA,SAN IGNACIO,CHIRINOS,0.0
CAJAMARCA,SAN IGNACIO,LA COIPA,0.0
CAJAMARCA,SAN IGNACIO,NAMBALLE,0.0
CAJAMARCA,JAEN,BELLAVISTA,0.0
CAJAMARCA,JAEN,JAEN,11.794922801487353
CAJAMARCA,JAEN,HUABAL,10.456602221308103
CAJAMARCA,CUTERVO,TORIBIO CASANOVA,0.0
TUMBES,TUMBES,TUMBES,0.0
TUMBES,TUMBES,SAN JACINTO,0.0
TUMBES,CONTRALMIRANTE VILLAR,ZORRITOS,0.0
TUMBES,ZARUMILLA,AGUAS VERDES,0.0
TUMBES,ZARUMILLA,PAPAYAL,0.0
CAJAMARCA,CELENDIN,HUASMIN,34.29379444085327
CAJAMARCA,HUALGAYOC,HUALGAYOC,67.16302296319597
CAJAMARCA,CELENDIN,MIGUEL IGLESIAS,67.3850267379679
CAJAMARCA,CELENDIN,LA LIBERTAD DE PALLAN,84.32244008714598
CAJAMARCA,CHOTA,HUAMBOS,53.70297029702971
CAJAMARCA,CHOTA,TACABAMBA,71.62183544303798
CAJAMARCA,CHOTA,CHALAMARCA,73.86111111111111
CAJAMARCA,SAN MIGUEL,TONGOD,91.25735294117646
CAJAMARCA,SANTA CRUZ,CATACHE,59.19827141382869
CAJAMARCA,SANTA CRUZ,CHANCAYBAÑOS,55.468934911242606
CAJAMARCA,SANTA CRUZ,PULAN,72.85149286987522
CAJAMARCA,SANTA CRUZ,SAUCEPAMPA,77.89898562975486
LIMA,LIMA,JESUS MARIA,0.0
LIMA,LIMA,LINCE,0.0
LIMA,LIMA,PUEBLO LIBRE,0.0
LIMA,LIMA,SAN JUAN DE LURIGANCHO,2.5423728813559325
LIMA,LIMA,LA VICTORIA,0.0
CALLAO,CALLAO,MI PERU,0.0
AMAZONAS,CHACHAPOYAS,CHUQUIBAMBA,78.14715621347877
HUANUCO,HUANUCO,PILLCO MARCA,70.51762371615312
HUANUCO,DOS DE MAYO,RIPAN,98.50991532976828
HUANUCO,DOS DE MAYO,SHUNQUI,97.92941176470589
HUANUCO,YAROWILCA,CAHUAC,97.64705882352942
HUANUCO,YAROWILCA,APARICIO POMARES,98.68872549019608
HUANUCO,YAROWILCA,JACAS CHICO,98.34482758620689
HUANUCO,YAROWILCA,CHORAS,98.95
HUANUCO,HUANUCO,CHINCHAO,27.39533651298357
HUANUCO,DOS DE MAYO,QUIVILLA,95.80078125
HUANUCO,AMBO,COLPAS,97.66441993464052
HUANUCO,AMBO,HUACAR,94.26432880844645
HUANUCO,YAROWILCA,OBAS,98.0161476355248
HUANUCO,LAURICOCHA,JESUS,96.6498645510836
HUANUCO,LAURICOCHA,JIVIA,100.0
HUANUCO,PUERTO INCA,PUERTO INCA,0.0
HUANUCO,LEONCIO PRADO,MARIANO DAMASO BERAUN,2.4021207177814032
HUANUCO,HUACAYBAMBA,PINRA,92.74717514124295
HUANUCO,LEONCIO PRADO,JOSE CRESPO Y CASTILLO,0.0
LORETO,UCAYALI,PAMPA HERMOSA,0.0
SAN MARTIN,BELLAVISTA,ALTO BIAVO,0.0
APURIMAC,CHINCHEROS,COCHARCAS,85.9317678684377
APURIMAC,ABANCAY,ABANCAY,85.32352941176471
CUSCO,PARURO,CCAPI,93.9294982698962
CUSCO,PARURO,HUANOQUITE,94.34284604931081
CUSCO,PARURO,OMACHA,99.44428733031674
CUSCO,CHUMBIVILCAS,LIVITACA,97.36334405144694
CUSCO,QUISPICANCHI,URCOS,94.11324786324786
CUSCO,QUISPICANCHI,ANDAHUAYLILLAS,92.78645833333334
CUSCO,ACOMAYO,ACOMAYO,99.87288135593221
CUSCO,ACOMAYO,RONDOCAN,94.26274509803922
CUSCO,ACOMAYO,SANGARARA,97.4453635620915
CUSCO,ACOMAYO,ACOS,96.25
AYACUCHO,PARINACOCHAS,PULLO,57.37670018398394
AYACUCHO,PAUCAR DEL SARA SARA,LAMPA,81.74875746659978
AYACUCHO,LUCANAS,SANCOS,56.54667072058377
AYACUCHO,PARINACOCHAS,CORACORA,63.16595441595442
LIMA,HUARAL,VEINTISIETE DE NOVIEMBRE,88.54264705882352
LIMA,YAUYOS,AYAVIRI,92.76016746411483
LIMA,YAUYOS,COCHAS,80.84677419354838
LIMA,YAUYOS,SAN JOAQUIN,90.53174603174602
LIMA,YAUYOS,TANTA,6.25
LIMA,YAUYOS,TOMAS,94.85369765190026
CALLAO,CALLAO,LA PERLA,0.0
JUNIN,HUANCAYO,PILCOMAYO,100.0
JUNIN,CHUPACA,TRES DE DICIEMBRE,100.0
LIMA,LIMA,ANCON,4.056420233463035
LIMA,LIMA,ATE,84.50704225352112
LIMA,LIMA,CHACLACAYO,19.444444444444446
LIMA,LIMA,VILLA MARIA DEL TRIUNFO,80.8843537414966
CAJAMARCA,CONTUMAZA,SAN BENITO,41.53627988426984
ANCASH,HUARI,PAUCAS,90.46731321839079
ANCASH,HUARI,PONTO,91.40943877551021
ANCASH,HUARI,SAN PEDRO DE CHANA,99.43229166666669
ANCASH,HUARI,UCO,81.71220930232558
ANCASH,HUARMEY,HUARMEY,0.40641376167691956
ANCASH,HUARMEY,MALVAS,69.54257246376812
ANCASH,BOLOGNESI,HUASTA,97.68980061349691
ANCASH,CARHUAZ,AMASHCA,96.32954545454545
ANCASH,CARHUAZ,ANTA,87.19047619047619
ANCASH,HUARAZ,COCHABAMBA,64.15929203539824
ANCASH,HUARAZ,JANGAS,91.81410256410257
ANCASH,HUARAZ,OLLEROS,96.85505319148936
ANCASH,HUARAZ,PAMPAS GRANDE,33.72923116615067
ANCASH,HUARAZ,PIRA,84.05251937984497
ANCASH,AIJA,AIJA,93.74533582089552
JUNIN,JAUJA,LEONOR ORDOÑEZ,98.54166666666666
JUNIN,JAUJA,MUQUI,99.58333333333333
JUNIN,CONCEPCION,HEROINAS TOLEDO,99.54545454545455
JUNIN,JAUJA,HUARIPAMPA,100.0
JUNIN,JAUJA,SAN LORENZO,98.75
JUNIN,JAUJA,YAUYOS,100.0
JUNIN,HUANCAYO,SANTO DOMINGO DE ACOBAMBA,90.47394501278772
JUNIN,JAUJA,PANCAN,100.0
JUNIN,JAUJA,MARCO,100.0
JUNIN,CONCEPCION,COCHAS,95.02974223397223
JUNIN,CONCEPCION,MARISCAL CASTILLA,85.0857843137255
JUNIN,JAUJA,RICRAN,96.06407962424514
JUNIN,SATIPO,LLAYLLA,62.561889620713146
JUNIN,JAUJA,MONOBAMBA,76.11519607843138
JUNIN,SATIPO,PANGOA,27.293876977998835
JUNIN,TARMA,PALCAMAYO,96.27678571428572
JUNIN,TARMA,SAN PEDRO DE CAJAS,88.85551383674036
JUNIN,YAULI,SANTA BARBARA DE CARHUACAYAN,1.25
JUNIN,JAUJA,SAUSA,100.0
JUNIN,JAUJA,SAN PEDRO DE CHUNAN,100.0
LIMA,CAÑETE,MALA,35.55454545454546
LIMA,HUAROCHIRI,MATUCANA,85.53384367445608
LIMA,HUAROCHIRI,CUENCA,73.56188303222201
LIMA,HUAROCHIRI,HUANZA,97.84406565656565
LIMA,LIMA,CIENEGUILLA,1.5873015873015872
LIMA,LIMA,LURIN,42.76913875598086
AYACUCHO,LUCANAS,SANTA LUCIA,53.08016439459738
AYACUCHO,PARINACOCHAS,UPAHUACHO,56.690146857923494
AYACUCHO,PARINACOCHAS,CORONEL CASTAÑEDA,95.40253058954394
AYACUCHO,LUCANAS,LUCANAS,64.51825474787164
AYACUCHO,LUCANAS,CARMEN SALCEDO,91.79050042408821
AYACUCHO,LUCANAS,CABANA,89.71303165182988
AYACUCHO,LUCANAS,LARAMATE,77.52058004052685
AYACUCHO,LUCANAS,SAN PEDRO DE PALCO,89.87270427801604
AYACUCHO,LUCANAS,HUAC-HUAS,56.42156334231805
AYACUCHO,SUCRE,SANTIAGO DE PAUCARAY,93.8301282051282
AYACUCHO,HUANCA SANCOS,SANCOS,76.34046778464254
AYACUCHO,SUCRE,CHALCOS,89.69987995198079
AYACUCHO,VILCAS HUAMAN,ACCOMARCA,91.15298202614379
AYACUCHO,SUCRE,BELEN,85.28265056022408
AYACUCHO,HUANCA SANCOS,CARAPO,94.07793209876543
AYACUCHO,VILCAS HUAMAN,HUAMBALPA,94.61947187634178
AYACUCHO,VICTOR FAJARDO,HUAMANQUIQUIA,93.37090163934425
AYACUCHO,VICTOR FAJARDO,HUANCAPI,94.11875
AYACUCHO,VILCAS HUAMAN,CARHUANCA,94.75783248081842
AYACUCHO,VILCAS HUAMAN,SAURAMA,88.69166666666666
AYACUCHO,VILCAS HUAMAN,VILCAS HUAMAN,91.06922326941826
AYACUCHO,VICTOR FAJARDO,ALCAMENCA,88.58501683501683
AYACUCHO,VICTOR FAJARDO,VILCANCHOS,93.74849759615385
CUSCO,PARURO,PARURO,95.35529860799281
CUSCO,CHUMBIVILCAS,VELILLE,94.68652037617555
CUSCO,ESPINAR,CONDOROMA,1.8343114507984168
CUSCO,CANAS,PAMPAMARCA,100.0
CUSCO,QUISPICANCHI,HUARO,97.0359477124183
CUSCO,ESPINAR,ESPINAR,98.96803430580633
CUSCO,ESPINAR,COPORAQUE,98.22543319653442
HUANCAVELICA,HUAYTARA,SANTIAGO DE QUIRAHUARA,86.93080357142858
HUANCAVELICA,HUAYTARA,CORDOVA,94.04203935599284
HUANCAVELICA,HUAYTARA,LARAMARCA,88.89933894230771
HUANCAVELICA,HUAYTARA,HUAYACUNDO ARMA,87.4125
ICA,NASCA,NASCA,13.19775617053104
ICA,NASCA,MARCONA,0.43126684636118595
ICA,PALPA,TIBILLO,54.28869047619048
ICA,ICA,LA TINGUIÑA,7.96472184531886
ICA,ICA,PARCONA,0.0
ICA,ICA,SANTIAGO,0.4021118546258211
APURIMAC,ANDAHUAYLAS,ANDARAPA,37.79728282041293
APURIMAC,CHINCHEROS,ONGOY,86.17915134803921
CUSCO,ANTA,LIMATAMBO,92.27209367159186
CUSCO,ANTA,PUCYURA,98.54166666666666
CUSCO,PAUCARTAMBO,HUANCARANI,98.57581967213116
CUSCO,CALCA,CALCA,95.87537049703603
CUSCO,URUBAMBA,HUAYLLABAMBA,94.38492063492063
CUSCO,CUSCO,POROY,100.0
CUSCO,CUSCO,SAYLLA,99.88970588235294
CUSCO,LA CONVENCION,QUELLOUNO,0.3540866224240307
CUSCO,CALCA,YANATILE,26.926683716965044
CUSCO,LA CONVENCION,KIMBIRI,1.2269938650306749
CUSCO,ANTA,CHINCHAYPUJIO,93.41498301448237
AYACUCHO,VILCAS HUAMAN,CONCEPCION,89.7939075630252
AYACUCHO,CANGALLO,CANGALLO,84.43667763157895
AYACUCHO,CANGALLO,MARIA PARADO DE BELLIDO,94.10377358490565
AYACUCHO,CANGALLO,PARAS,92.68188854489163
AYACUCHO,HUAMANGA,QUINUA,79.84543010752688
AYACUCHO,HUAMANGA,PACAYCASA,51.11337209302326
CUSCO,PAUCARTAMBO,PAUCARTAMBO,90.75538412086146
CUSCO,CALCA,COYA,83.02218344965105
CUSCO,QUISPICANCHI,MARCAPATA,91.81625786846104
HUANCAVELICA,CASTROVIRREYNA,SAN JUAN,59.815108759553205
HUANCAVELICA,CASTROVIRREYNA,CASTROVIRREYNA,91.76908150064682
HUANCAVELICA,CASTROVIRREYNA,HUACHOS,87.18607305936072
HUANCAVELICA,CASTROVIRREYNA,HUAMATAMBO,79.4717548076923
HUANCAVELICA,ANGARAES,SAN ANTONIO DE ANTAPARCO,92.20982142857142
HUANCAVELICA,ANGARAES,JULCAMARCA,92.13662790697674
HUANCAVELICA,ANGARAES,HUAYLLAY GRANDE,98.94230769230771
HUANCAVELICA,ACOBAMBA,POMACOCHA,96.77083333333334
HUANCAVELICA,ANGARAES,CALLANMARCA,95.75735294117648
HUANCAVELICA,HUANCAVELICA,HUANCAVELICA,75.27058823529413
HUANCAVELICA,HUANCAVELICA,YAULI,99.51492537313433
HUANCAVELICA,HUANCAVELICA,ASCENSION,96.79618768328447
HUANCAVELICA,ACOBAMBA,PAUCARA,97.26775956284152
HUANCAVELICA,ACOBAMBA,ROSARIO,93.5369532428356
HUANCAVELICA,ACOBAMBA,ANDABAMBA,91.70588235294117
HUANCAVELICA,HUANCAVELICA,PALCA,99.96376811594203
HUANCAVELICA,HUANCAVELICA,ACOBAMBILLA,67.51211564171123
HUANCAVELICA,HUANCAVELICA,HUANDO,92.078125
HUANCAVELICA,HUANCAVELICA,NUEVO OCCORO,40.14563106796116
HUANCAVELICA,HUANCAVELICA,LARIA,98.03921568627452
HUANCAVELICA,HUANCAVELICA,IZCUCHACA,97.08333333333334
HUANCAVELICA,HUANCAVELICA,MOYA,99.14634146341464
HUANCAVELICA,HUANCAVELICA,HUAYLLAHUARA,100.0
HUANCAVELICA,HUANCAVELICA,PILCHACA,81.66666666666667
HUANCAVELICA,TAYACAJA,PAMPAS,95.33484162895928
HUANCAVELICA,TAYACAJA,AHUAYCHA,97.52879163713679
HUANCAVELICA,TAYACAJA,PAZOS,97.45084718670076
HUANCAVELICA,CHURCAMPA,EL CARMEN,95.58536305147058
HUANCAVELICA,CHURCAMPA,PAUCARBAMBA,96.59125188536953
HUANCAVELICA,CHURCAMPA,SAN MIGUEL DE MAYOCC,63.45748081841432
HUANCAVELICA,CHURCAMPA,SAN PEDRO DE CORIS,90.39341671247938
HUANCAVELICA,CHURCAMPA,LOCROJA,97.44019607843137
ICA,CHINCHA,GROCIO PRADO,0.0
ICA,CHINCHA,SAN JUAN DE YANAC,60.645380434782616
ICA,CHINCHA,SAN PEDRO DE HUACARPANA,84.39803921568628
ICA,CHINCHA,TAMBO DE MORA,0.0
JUNIN,HUANCAYO,PUCARA,97.72378516624042
JUNIN,CONCEPCION,MITO,99.19642857142857
JUNIN,HUANCAYO,SAN JERONIMO DE TUNAN,100.0
JUNIN,HUANCAYO,QUILCAS,99.92592592592592
JUNIN,HUANCAYO,COLCA,95.92662871600254
JUNIN,HUANCAYO,VIQUES,100.0
JUNIN,HUANCAYO,HUAYUCACHI,100.0
JUNIN,CHUPACA,YANACANCHA,37.858543417366946
JUNIN,CHUPACA,SAN JUAN DE ISCOS,99.03743315508021
JUNIN,HUANCAYO,CHILCA,99.2156862745098
JUNIN,CONCEPCION,SAN JOSE DE QUERO,99.62301587301587
JUNIN,CHUPACA,HUAMANCACA CHICO,98.95424836601308
AMAZONAS,LUYA,SANTO TOMAS,86.02739726027397
AMAZONAS,LUYA,COCABAMBA,55.5375525210084
AMAZONAS,CHACHAPOYAS,LA JALCA,85.19001164822365
AMAZONAS,LUYA,PISUQUIA,67.65962397617275
AMAZONAS,LUYA,SAN JUAN DE LOPECANCHA,80.35102739726028
AMAZONAS,LUYA,MARIA,93.60035211267606
AMAZONAS,RODRIGUEZ DE MENDOZA,LONGAR,6.530399473222125
AMAZONAS,RODRIGUEZ DE MENDOZA,OMIA,5.844389386189258
AMAZONAS,LUYA,OCUMAL,22.26851851851852
AMAZONAS,LUYA,INGUILPATA,86.26591873862947
AMAZONAS,RODRIGUEZ DE MENDOZA,MARISCAL BENAVIDES,80.04371413199428
AMAZONAS,CHACHAPOYAS,CHACHAPOYAS,81.26488095238095
AMAZONAS,LUYA,TRITA,89.85
AMAZONAS,LUYA,OCALLI,11.196428571428571
AMAZONAS,CHACHAPOYAS,MOLINOPAMPA,69.0419013350021
AMAZONAS,LUYA,LAMUD,86.42528735632183
AMAZONAS,LUYA,SAN CRISTOBAL,83.2555780933063
AMAZONAS,CHACHAPOYAS,GRANADA,90.26134910485933
AMAZONAS,CHACHAPOYAS,CHILIQUIN,89.12372122762147
PASCO,PASCO,VICCO,2.985074626865672
PASCO,PASCO,NINACACA,97.2911995515695
PASCO,PASCO,PAUCARTAMBO,91.36180499597097
PASCO,PASCO,YANACANCHA,98.36538461538463
PASCO,DANIEL ALCIDES CARRION,GOYLLARISQUIZGA,99.0625
PASCO,PASCO,PALLANCHACRA,97.20207910750507
PASCO,DANIEL ALCIDES CARRION,TAPUC,96.69794891640868
SAN MARTIN,TOCACHE,SHUNTE,0.3386973180076628
SAN MARTIN,HUALLAGA,PISCOYACU,0.0
SAN MARTIN,BELLAVISTA,BELLAVISTA,0.0
CAJAMARCA,SAN MARCOS,EDUARDO VILLANUEVA,63.65
APURIMAC,AYMARAES,TINTAY,53.85581841432225
APURIMAC,ANDAHUAYLAS,SAN MIGUEL DE CHACCRAMPA,97.21746575342466
APURIMAC,ANTABAMBA,JUAN ESPINOZA MEDRANO,97.00732514177695
APURIMAC,ANTABAMBA,ANTABAMBA,97.89169941060904
APURIMAC,ANTABAMBA,HUAQUIRCA,96.98860294117647
APURIMAC,AYMARAES,POCOHUANCA,95.08440347970173
APURIMAC,ANTABAMBA,OROPESA,96.78374676380275
APURIMAC,GRAU,TURPAY,88.11537114845939
APURIMAC,ANTABAMBA,PACHACONAS,96.6422213622291
APURIMAC,ANTABAMBA,EL ORO,98.83836429308568
APURIMAC,AYMARAES,CAPAYA,94.2113711681856
APURIMAC,ANDAHUAYLAS,TUMAY HUARACA,97.76715039577837
APURIMAC,COTABAMBAS,TAMBOBAMBA,93.4087988136431
APURIMAC,AYMARAES,SAN JUAN DE CHACÑA,91.50203756201276
APURIMAC,GRAU,GAMARRA,75.61433447098975
APURIMAC,ABANCAY,CIRCA,95.51352885787084
APURIMAC,ANDAHUAYLAS,HUANCARAY,88.9302269820972
CAJAMARCA,CAJAMARCA,MATARA,77.40425531914894
CAJAMARCA,CELENDIN,SUCRE,80.4040681693238
CAJAMARCA,CONTUMAZA,CONTUMAZA,66.04315082434357
CAJAMARCA,CONTUMAZA,YONAN,0.4535147392290249
CAJAMARCA,SAN MIGUEL,LA FLORIDA,8.938016528925619
CAJAMARCA,SAN MIGUEL,UNION AGUA BLANCA,22.0531914893617
LA LIBERTAD,SANCHEZ CARRION,SARIN,95.4189814814815
LA LIBERTAD,SANCHEZ CARRION,SARTIMBAMBA,60.124616564417174
LA LIBERTAD,TRUJILLO,MOCHE,42.85714285714285
LA LIBERTAD,TRUJILLO,POROTO,28.027210884353742
LA LIBERTAD,ASCOPE,CHOCOPE,8.433734939759036
LA LIBERTAD,ASCOPE,MAGDALENA DE CAO,0.0
LA LIBERTAD,ASCOPE,RAZURI,0.0
LA LIBERTAD,OTUZCO,CHARAT,53.5016835016835
LA LIBERTAD,OTUZCO,MACHE,94.3930431547619
LA LIBERTAD,GRAN CHIMU,CASCAS,26.930483028720626
LA LIBERTAD,GRAN CHIMU,MARMOT,22.002837326607818
LA LIBERTAD,GRAN CHIMU,SAYAPULLO,65.71409119203237
LA LIBERTAD,SANTIAGO DE CHUCO,CACHICADAN,96.58665259825904
LA LIBERTAD,SANTIAGO DE CHUCO,SANTA CRUZ DE CHUCA,41.90178571428571
AMAZONAS,UTCUBAMBA,LONYA GRANDE,5.07657284768212
AMAZONAS,BONGARA,CHURUJA,16.46825396825397
AMAZONAS,BONGARA,JAZAN,53.6969696969697
AMAZONAS,BONGARA,JUMBILLA,86.45325203252031
AMAZONAS,BONGARA,CUISPES,81.18987341772151
AMAZONAS,BAGUA,LA PECA,0.9009009009009008
AMAZONAS,CONDORCANQUI,EL CENEPA,0.0
LORETO,REQUENA,ALTO TAPICHE,0.0
LORETO,REQUENA,EMILIO SAN MARTIN,0.0
LORETO,REQUENA,PUINAHUA,0.0
LORETO,MAYNAS,ALTO NANAY,0.0
LORETO,MARISCAL RAMON CASTILLA,SAN PABLO,0.0
LORETO,REQUENA,REQUENA,0.0
LORETO,REQUENA,TAPICHE,0.0
LORETO,REQUENA,JENARO HERRERA,0.0
LORETO,DATEM DEL MARAÑON,CAHUAPANAS,0.0
LORETO,DATEM DEL MARAÑON,MORONA,0.0
LORETO,DATEM DEL MARAÑON,PASTAZA,0.0
SAN MARTIN,SAN MARTIN,SAN ANTONIO,0.0
SAN MARTIN,PICOTA,PUCACACA,0.0
SAN MARTIN,BELLAVISTA,SAN PABLO,0.0
SAN MARTIN,SAN MARTIN,SAUCE,0.0
SAN MARTIN,SAN MARTIN,SHAPAJA,0.0
SAN MARTIN,EL DORADO,SAN MARTIN,0.0
SAN MARTIN,SAN MARTIN,TARAPOTO,0.0
SAN MARTIN,LAMAS,RUMISAPA,0.0
SAN MARTIN,SAN MARTIN,CHIPURANA,0.0
SAN MARTIN,SAN MARTIN,PAPAPLAYA,0.0
SAN MARTIN,RIOJA,RIOJA,0.0
SAN MARTIN,RIOJA,ELIAS SOPLIN VARGAS,0.0
SAN MARTIN,RIOJA,NUEVA CAJAMARCA,3.1402214022140225
SAN MARTIN,RIOJA,POSIC,0.0
SAN MARTIN,MOYOBAMBA,YANTALO,16.054545454545455
SAN MARTIN,RIOJA,YURACYACU,0.0
SAN MARTIN,RIOJA,AWAJUN,0.24390243902439018
LIMA,HUAROCHIRI,LANGA,92.40192307692305
LIMA,HUAROCHIRI,LARAOS,96.4709595959596
LIMA,HUAROCHIRI,SAN ANDRES DE TUPICOCHA,91.63777472527472
LIMA,HUAROCHIRI,SAN ANTONIO,27.531410450015102
LIMA,HUAROCHIRI,SAN DAMIAN,92.24545454545455
LIMA,HUAROCHIRI,SAN JUAN DE TANTARANCHE,98.26450892857144
LIMA,HUAROCHIRI,SAN LORENZO DE QUINTI,91.17084432717678
LIMA,HUAROCHIRI,SAN PEDRO DE CASTA,87.95108695652175
LIMA,HUAROCHIRI,SANTA CRUZ DE COCACHACRA,50.70987654320987
LIMA,HUAROCHIRI,SANTA EULALIA,6.878504148912313
LIMA,HUAROCHIRI,SURCO,77.00140449438203
LIMA,CANTA,ARAHUAY,69.98883928571428
LIMA,CAÑETE,LUNAHUANA,0.9156504065040649
LIMA,CAÑETE,PACARAN,3.600502512562814
LIMA,CAÑETE,ZUÑIGA,7.54434250764526
LIMA,HUARAL,IHUARI,49.68206751054852
CAJAMARCA,SANTA CRUZ,UTICYACU,83.36210317460316
CAJAMARCA,SAN IGNACIO,TABACONAS,19.393083182640144
LAMBAYEQUE,FERREÑAFE,CAÑARIS,56.19391025641026
LAMBAYEQUE,CHICLAYO,PATAPO,0.0
LAMBAYEQUE,FERREÑAFE,MANUEL ANTONIO MESONES MURO,0.0
LAMBAYEQUE,LAMBAYEQUE,CHOCHOPE,0.0
LAMBAYEQUE,LAMBAYEQUE,MORROPE,0.0
PIURA,PAITA,VICHAYAL,0.0
PIURA,HUANCABAMBA,HUARMACA,35.092237525129775
PIURA,SECHURA,CRISTO NOS VALGA,0.0
PIURA,SECHURA,RINCONADA LLICUAR,0.0
PIURA,SECHURA,BELLAVISTA DE LA UNION,0.0
PIURA,HUANCABAMBA,SAN MIGUEL DE EL FAIQUE,26.09272384420313
PIURA,MORROPON,SALITRAL,0.0
PIURA,SECHURA,VICE,0.0
PIURA,MORROPON,SAN JUAN DE BIGOTE,2.912621359223301
ICA,ICA,SUBTANJALLA,1.8083182640144666
ICA,ICA,TATE,0.0
ICA,ICA,YAUCA DEL ROSARIO,18.60336267208305
ICA,ICA,ICA,0.6775067750677507
ICA,PISCO,PARACAS,7.875139353400223
MOQUEGUA,MARISCAL NIETO,CARUMAS,13.983591486516604
MOQUEGUA,MARISCAL NIETO,CUCHUMBAYA,43.26023391812865
MOQUEGUA,GENERAL SANCHEZ CERRO,MATALAQUE,65.59740885419382
MOQUEGUA,GENERAL SANCHEZ CERRO,UBINAS,51.682951482479794
MOQUEGUA,GENERAL SANCHEZ CERRO,YUNGA,92.77819548872179
MOQUEGUA,ILO,ILO,71.87078177727784
MOQUEGUA,ILO,EL ALGARROBAL,76.02203043379514
MOQUEGUA,ILO,PACOCHA,65.73775388291517
TACNA,TACNA,INCLAN,33.61119397419644
TACNA,TACNA,CORONEL GREGORIO ALBARRACIN LANCHIPA,80.69620253164557
TACNA,CANDARAVE,CAIRANI,69.24899446958271
TACNA,CANDARAVE,HUANUARA,79.125
TACNA,TARATA,TICACO,28.231336544250446
LA LIBERTAD,JULCAN,CALAMARCA,85.92085798816568
LA LIBERTAD,JULCAN,CARABAMBA,71.91626364087301
LA LIBERTAD,JULCAN,HUASO,66.24686629526462
LA LIBERTAD,PACASMAYO,PACASMAYO,0.0
LA LIBERTAD,PATAZ,TAYABAMBA,92.04457862281603
LA LIBERTAD,PATAZ,HUAYLILLAS,92.31392694063928
LA LIBERTAD,PATAZ,HUAYO,85.45509708737865
LA LIBERTAD,BOLIVAR,BAMBAMARCA,68.17748091603053
LA LIBERTAD,BOLIVAR,UCHUMARCA,88.3632596685083
LA LIBERTAD,OTUZCO,PARANDAY,84.01785714285714
LA LIBERTAD,OTUZCO,SINSICAP,45.34350064350065
LA LIBERTAD,TRUJILLO,LAREDO,19.11981566820277
LA LIBERTAD,SANCHEZ CARRION,COCHORCO,63.655213270142184
LA LIBERTAD,PATAZ,URPAY,83.39176829268294
LA LIBERTAD,SANCHEZ CARRION,MARCABAL,81.13489374807514
UCAYALI,PURUS,PURUS,0.0
UCAYALI,PADRE ABAD,PADRE ABAD,0.0
UCAYALI,PADRE ABAD,CURIMANA,0.0
UCAYALI,CORONEL PORTILLO,YARINACOCHA,0.0
CAJAMARCA,SAN MARCOS,ICHOCAN,18.3015873015873
CAJAMARCA,CAJAMARCA,ENCAÑADA,86.41617647058823
CAJAMARCA,CELENDIN,OXAMARCA,62.92860734037204
CAJAMARCA,CELENDIN,SOROCHUCO,80.66608996539793
LIMA,LIMA,CHORRILLOS,5.602678571428571
JUNIN,JAUJA,JAUJA,100.0
AREQUIPA,ISLAY,DEAN VALDIVIA,84.45614035087718
AREQUIPA,CAYLLOMA,CHIVAY,88.14074595355385
AREQUIPA,CAYLLOMA,CAYLLOMA,3.5123424369747904
AREQUIPA,LA UNION,SAYLA,34.72854418308964
AREQUIPA,CARAVELI,CARAVELI,44.52566674095536
AREQUIPA,CARAVELI,ATIQUIPA,55.18333333333334
AREQUIPA,CARAVELI,CHALA,53.96579030725372
AREQUIPA,CARAVELI,HUANUHUANU,75.36548223350253
PIURA,PAITA,ARENAL,0.0
PUNO,CHUCUITO,POMATA,90.75221238938053
PUNO,PUNO,PICHACANI,95.71137843704776
PUNO,PUNO,PLATERIA,89.3756038647343
ICA,ICA,PUEBLO NUEVO,0.0
AYACUCHO,HUANTA,LURICOCHA,43.75918079096046
AYACUCHO,LA MAR,SANTA ROSA,0.3067484662576687
AYACUCHO,HUANTA,LLOCHEGUA,0.5783383283383283
AYACUCHO,LA MAR,SAMUGARI,55.2922322775264
CUSCO,QUISPICANCHI,CCATCA,95.8765243902439
CUSCO,CUSCO,CUSCO,97.81715095676826
HUANCAVELICA,HUAYTARA,TAMBO,87.82842025699168
APURIMAC,GRAU,CURASCO,97.08069219066937
APURIMAC,GRAU,CURPAHUASI,90.47752180720198
APURIMAC,GRAU,HUAYLLATI,79.96216447744146
LORETO,MAYNAS,INDIANA,0.0
LORETO,MAYNAS,LAS AMAZONAS,0.0
LORETO,MAYNAS,NAPO,0.0
LORETO,ALTO AMAZONAS,JEBEROS,0.0
LORETO,ALTO AMAZONAS,TENIENTE CESAR LOPEZ ROJAS,0.0
LORETO,MAYNAS,PUNCHANA,0.0
LORETO,MAYNAS,SAN JUAN BAUTISTA,0.0
LORETO,DATEM DEL MARAÑON,ANDOAS,0.0
CAJAMARCA,JAEN,LAS PIRIAS,0.0
TACNA,CANDARAVE,QUILAHUANI,67.35478806907378
TACNA,TARATA,TARATA,2.5819631803567544
TACNA,TARATA,ESTIQUE-PAMPA,71.18444778362134
TACNA,TARATA,SITAJARA,43.96318211702827
TACNA,TARATA,SUSAPAYA,82.11184225610455
LA LIBERTAD,CHEPEN,CHEPEN,0.0
LA LIBERTAD,CHEPEN,PUEBLO NUEVO,0.0
ANCASH,RECUAY,TICAPAMPA,96.96875
LA LIBERTAD,TRUJILLO,FLORENCIA DE MORA,0.0
CAJAMARCA,CUTERVO,PIMPINGOS,7.442735042735043
APURIMAC,ANDAHUAYLAS,HUANCARAMA,84.96124031007753
MADRE DE DIOS,TAMBOPATA,TAMBOPATA,0.0
MADRE DE DIOS,MANU,FITZCARRALD,0.0
PUNO,CARABAYA,COASA,59.95101801273081
PUNO,SANDIA,LIMBANI,21.588231601028156
PUNO,SANDIA,SAN PEDRO DE PUTINA PUNCO,0.0
PUNO,CARABAYA,AYAPATA,45.15486194477791
PUNO,CARABAYA,SAN GABAN,49.47200000000001
LIMA,YAUYOS,COLONIA,64.15856890459364
LIMA,CAÑETE,SAN VICENTE DE CAÑETE,8.947001965923985
LAMBAYEQUE,CHICLAYO,REQUE,0.0
AREQUIPA,CONDESUYOS,CAYARANI,90.9922385620915
AREQUIPA,CONDESUYOS,CHICHAS,53.56522242817424
AREQUIPA,CONDESUYOS,RIO GRANDE,70.36263736263737
PIURA,MORROPON,SANTA CATALINA DE MOSSA,5.0245098039215685
PUNO,SAN ROMAN,CARACOTO,87.57543103448276
PUNO,HUANCANE,INCHUPALLA,95.68
AMAZONAS,RODRIGUEZ DE MENDOZA,SANTA ROSA,0.0
AMAZONAS,CHACHAPOYAS,LEVANTO,90.0594362745098
PASCO,DANIEL ALCIDES CARRION,SANTA ANA DE TUSI,96.47858725079989
PASCO,OXAPAMPA,CHONTABAMBA,70.99509803921569
PASCO,OXAPAMPA,PALCAZU,0.0
PASCO,PASCO,HUACHON,93.84359258943056
APURIMAC,ANDAHUAYLAS,JOSE MARIA ARGUEDAS,99.31506849315069
LA LIBERTAD,SANTIAGO DE CHUCO,QUIRUVILCA,95.08486654573724
LIMA,CANTA,HUAMANTANGA,51.453868833597014
LIMA,CANTA,SAN BUENAVENTURA,88.75802907369845
LIMA,CANTA,SANTA ROSA DE QUIVES,19.550898203592816
LA LIBERTAD,PATAZ,PARCOY,82.4890829694323
LA LIBERTAD,PATAZ,PIAS,81.43249999999999
LA LIBERTAD,PATAZ,SANTIAGO DE CHALLAS,81.50701252723312
LA LIBERTAD,PATAZ,TAURIJA,79.8673772261198
AMAZONAS,BONGARA,YAMBRASBAMBA,27.091836734693878
AMAZONAS,UTCUBAMBA,YAMON,6.170423309510721
AREQUIPA,CASTILLA,ANDAGUA,83.72286068046667
AREQUIPA,CASTILLA,CHOCO,34.322055545234996
LIMA,LIMA,SANTA MARIA DE HUACHIPA /1,54.54545454545453
